timestamp, index, utilization.gpu [%], utilization.memory [%], memory.used [MiB], memory.total [MiB], temperature.gpu, power.draw [W]
2026/03/29 11:35:28.274, 0, 0 %, 0 %, 1527 MiB, 49140 MiB, 47, 79.16 W
2026/03/29 11:35:28.278, 1, 0 %, 0 %, 6 MiB, 49140 MiB, 33, 16.75 W
2026/03/29 11:35:28.287, 2, 0 %, 0 %, 4 MiB, 49140 MiB, 33, 17.82 W
2026/03/29 11:35:28.296, 3, 0 %, 0 %, 6 MiB, 49140 MiB, 32, 20.49 W
2026/03/29 11:35:58.307, 0, 0 %, 0 %, 1527 MiB, 49140 MiB, 47, 79.40 W
2026/03/29 11:35:58.307, 1, 0 %, 0 %, 6 MiB, 49140 MiB, 33, 16.90 W
2026/03/29 11:35:58.308, 2, 0 %, 0 %, 4 MiB, 49140 MiB, 33, 17.73 W
2026/03/29 11:35:58.308, 3, 0 %, 0 %, 6 MiB, 49140 MiB, 32, 20.54 W
2026/03/29 11:36:28.309, 0, 100 %, 4 %, 16693 MiB, 49140 MiB, 51, 142.45 W
2026/03/29 11:36:28.309, 1, 0 %, 0 %, 6 MiB, 49140 MiB, 33, 17.05 W
2026/03/29 11:36:28.309, 2, 0 %, 0 %, 4 MiB, 49140 MiB, 33, 17.59 W
2026/03/29 11:36:28.309, 3, 0 %, 0 %, 6 MiB, 49140 MiB, 33, 20.40 W
2026/03/29 11:36:58.310, 0, 100 %, 3 %, 16699 MiB, 49140 MiB, 57, 156.53 W
2026/03/29 11:36:58.310, 1, 0 %, 0 %, 6 MiB, 49140 MiB, 33, 16.92 W
2026/03/29 11:36:58.311, 2, 0 %, 0 %, 4 MiB, 49140 MiB, 33, 17.81 W
2026/03/29 11:36:58.311, 3, 0 %, 0 %, 6 MiB, 49140 MiB, 33, 20.55 W
2026/03/29 11:37:28.311, 0, 100 %, 6 %, 16699 MiB, 49140 MiB, 61, 155.13 W
2026/03/29 11:37:28.311, 1, 0 %, 0 %, 6 MiB, 49140 MiB, 33, 16.80 W
2026/03/29 11:37:28.312, 2, 0 %, 0 %, 4 MiB, 49140 MiB, 33, 17.75 W
2026/03/29 11:37:28.312, 3, 0 %, 0 %, 6 MiB, 49140 MiB, 33, 20.43 W
2026/03/29 11:37:58.312, 0, 100 %, 4 %, 16699 MiB, 49140 MiB, 63, 171.71 W
2026/03/29 11:37:58.313, 1, 0 %, 0 %, 6 MiB, 49140 MiB, 33, 16.78 W
2026/03/29 11:37:58.313, 2, 0 %, 0 %, 4 MiB, 49140 MiB, 33, 17.84 W
2026/03/29 11:37:58.313, 3, 0 %, 0 %, 6 MiB, 49140 MiB, 33, 20.49 W
2026/03/29 11:38:28.313, 0, 100 %, 3 %, 16699 MiB, 49140 MiB, 64, 190.78 W
2026/03/29 11:38:28.313, 1, 0 %, 0 %, 6 MiB, 49140 MiB, 33, 17.07 W
2026/03/29 11:38:28.313, 2, 0 %, 0 %, 4 MiB, 49140 MiB, 33, 17.63 W
2026/03/29 11:38:28.313, 3, 0 %, 0 %, 6 MiB, 49140 MiB, 32, 20.67 W
2026/03/29 11:38:58.313, 0, 100 %, 4 %, 16699 MiB, 49140 MiB, 65, 189.09 W
2026/03/29 11:38:58.314, 1, 0 %, 0 %, 6 MiB, 49140 MiB, 33, 17.08 W
2026/03/29 11:38:58.314, 2, 0 %, 0 %, 4 MiB, 49140 MiB, 33, 18.11 W
2026/03/29 11:38:58.314, 3, 0 %, 0 %, 6 MiB, 49140 MiB, 32, 20.53 W
2026/03/29 11:39:28.314, 0, 100 %, 4 %, 16699 MiB, 49140 MiB, 65, 192.83 W
2026/03/29 11:39:28.315, 1, 0 %, 0 %, 6 MiB, 49140 MiB, 33, 16.96 W
2026/03/29 11:39:28.315, 2, 0 %, 0 %, 4 MiB, 49140 MiB, 33, 17.76 W
2026/03/29 11:39:28.315, 3, 0 %, 0 %, 6 MiB, 49140 MiB, 32, 20.47 W
2026/03/29 11:39:58.315, 0, 100 %, 26 %, 16699 MiB, 49140 MiB, 64, 201.50 W
2026/03/29 11:39:58.315, 1, 0 %, 0 %, 6 MiB, 49140 MiB, 33, 17.06 W
2026/03/29 11:39:58.315, 2, 0 %, 0 %, 4 MiB, 49140 MiB, 33, 17.84 W
2026/03/29 11:39:58.315, 3, 0 %, 0 %, 6 MiB, 49140 MiB, 32, 20.61 W
2026/03/29 11:40:28.316, 0, 100 %, 2 %, 16699 MiB, 49140 MiB, 65, 175.14 W
2026/03/29 11:40:28.316, 1, 0 %, 0 %, 6 MiB, 49140 MiB, 33, 16.85 W
2026/03/29 11:40:28.317, 2, 0 %, 0 %, 4 MiB, 49140 MiB, 33, 17.93 W
2026/03/29 11:40:28.317, 3, 0 %, 0 %, 6 MiB, 49140 MiB, 32, 20.65 W
2026/03/29 11:40:58.317, 0, 100 %, 2 %, 16699 MiB, 49140 MiB, 65, 173.73 W
2026/03/29 11:40:58.317, 1, 0 %, 0 %, 6 MiB, 49140 MiB, 33, 17.21 W
2026/03/29 11:40:58.317, 2, 0 %, 0 %, 4 MiB, 49140 MiB, 32, 17.94 W
2026/03/29 11:40:58.317, 3, 0 %, 0 %, 6 MiB, 49140 MiB, 32, 20.60 W
2026/03/29 11:41:28.318, 0, 100 %, 5 %, 16699 MiB, 49140 MiB, 64, 172.55 W
2026/03/29 11:41:28.318, 1, 0 %, 0 %, 6 MiB, 49140 MiB, 33, 16.64 W
2026/03/29 11:41:28.318, 2, 0 %, 0 %, 4 MiB, 49140 MiB, 32, 17.63 W
2026/03/29 11:41:28.319, 3, 0 %, 0 %, 6 MiB, 49140 MiB, 32, 20.67 W
2026/03/29 11:41:58.319, 0, 100 %, 5 %, 16699 MiB, 49140 MiB, 64, 156.65 W
2026/03/29 11:41:58.319, 1, 0 %, 0 %, 6 MiB, 49140 MiB, 33, 16.98 W
2026/03/29 11:41:58.319, 2, 0 %, 0 %, 4 MiB, 49140 MiB, 32, 17.55 W
2026/03/29 11:41:58.320, 3, 0 %, 0 %, 6 MiB, 49140 MiB, 32, 20.62 W
2026/03/29 11:42:28.320, 0, 100 %, 3 %, 16699 MiB, 49140 MiB, 65, 159.53 W
2026/03/29 11:42:28.321, 1, 0 %, 0 %, 6 MiB, 49140 MiB, 33, 16.58 W
2026/03/29 11:42:28.321, 2, 0 %, 0 %, 4 MiB, 49140 MiB, 32, 17.52 W
2026/03/29 11:42:28.321, 3, 0 %, 0 %, 6 MiB, 49140 MiB, 32, 20.64 W
2026/03/29 11:42:58.322, 0, 0 %, 0 %, 1262 MiB, 49140 MiB, 61, 86.08 W
2026/03/29 11:42:58.322, 1, 0 %, 0 %, 6 MiB, 49140 MiB, 33, 16.67 W
2026/03/29 11:42:58.322, 2, 0 %, 0 %, 4 MiB, 49140 MiB, 32, 17.61 W
2026/03/29 11:42:58.322, 3, 0 %, 0 %, 6 MiB, 49140 MiB, 32, 20.69 W
2026/03/29 11:43:28.322, 0, 0 %, 0 %, 1792 MiB, 49140 MiB, 57, 83.82 W
2026/03/29 11:43:28.323, 1, 0 %, 0 %, 6 MiB, 49140 MiB, 33, 16.98 W
2026/03/29 11:43:28.323, 2, 0 %, 0 %, 4 MiB, 49140 MiB, 33, 17.73 W
2026/03/29 11:43:28.323, 3, 0 %, 0 %, 6 MiB, 49140 MiB, 32, 20.50 W
2026/03/29 11:43:58.324, 0, 0 %, 0 %, 1792 MiB, 49140 MiB, 54, 82.95 W
2026/03/29 11:43:58.324, 1, 0 %, 0 %, 6 MiB, 49140 MiB, 34, 17.00 W
2026/03/29 11:43:58.324, 2, 0 %, 0 %, 4 MiB, 49140 MiB, 33, 17.57 W
2026/03/29 11:43:58.324, 3, 0 %, 0 %, 6 MiB, 49140 MiB, 33, 20.72 W
2026/03/29 11:44:28.324, 0, 0 %, 0 %, 1792 MiB, 49140 MiB, 53, 82.20 W
2026/03/29 11:44:28.324, 1, 0 %, 0 %, 6 MiB, 49140 MiB, 34, 16.72 W
2026/03/29 11:44:28.324, 2, 0 %, 0 %, 4 MiB, 49140 MiB, 33, 17.58 W
2026/03/29 11:44:28.324, 3, 0 %, 0 %, 6 MiB, 49140 MiB, 33, 20.50 W
2026/03/29 11:44:58.325, 0, 100 %, 50 %, 32136 MiB, 49140 MiB, 59, 162.56 W
2026/03/29 11:44:58.325, 1, 0 %, 0 %, 6 MiB, 49140 MiB, 34, 16.78 W
2026/03/29 11:44:58.326, 2, 0 %, 0 %, 4 MiB, 49140 MiB, 33, 17.54 W
2026/03/29 11:44:58.326, 3, 0 %, 0 %, 6 MiB, 49140 MiB, 33, 20.45 W
2026/03/29 11:45:28.326, 0, 100 %, 6 %, 32136 MiB, 49140 MiB, 62, 151.33 W
2026/03/29 11:45:28.327, 1, 0 %, 0 %, 6 MiB, 49140 MiB, 34, 16.86 W
2026/03/29 11:45:28.327, 2, 0 %, 0 %, 4 MiB, 49140 MiB, 33, 17.71 W
2026/03/29 11:45:28.327, 3, 0 %, 0 %, 6 MiB, 49140 MiB, 33, 20.26 W
2026/03/29 11:45:58.327, 0, 100 %, 4 %, 32136 MiB, 49140 MiB, 65, 189.84 W
2026/03/29 11:45:58.328, 1, 0 %, 0 %, 6 MiB, 49140 MiB, 34, 17.22 W
2026/03/29 11:45:58.328, 2, 0 %, 0 %, 4 MiB, 49140 MiB, 33, 17.68 W
2026/03/29 11:45:58.328, 3, 0 %, 0 %, 6 MiB, 49140 MiB, 33, 20.64 W
2026/03/29 11:46:28.328, 0, 100 %, 29 %, 32136 MiB, 49140 MiB, 67, 227.49 W
2026/03/29 11:46:28.328, 1, 0 %, 0 %, 6 MiB, 49140 MiB, 34, 17.64 W
2026/03/29 11:46:28.328, 2, 0 %, 0 %, 4 MiB, 49140 MiB, 33, 17.75 W
2026/03/29 11:46:28.329, 3, 0 %, 0 %, 6 MiB, 49140 MiB, 33, 20.40 W
2026/03/29 11:46:58.329, 0, 100 %, 33 %, 32136 MiB, 49140 MiB, 66, 216.34 W
2026/03/29 11:46:58.330, 1, 0 %, 0 %, 6 MiB, 49140 MiB, 34, 16.98 W
2026/03/29 11:46:58.330, 2, 0 %, 0 %, 4 MiB, 49140 MiB, 33, 17.53 W
2026/03/29 11:46:58.330, 3, 0 %, 0 %, 6 MiB, 49140 MiB, 33, 20.65 W
2026/03/29 11:47:28.330, 0, 100 %, 22 %, 32136 MiB, 49140 MiB, 66, 200.21 W
2026/03/29 11:47:28.331, 1, 0 %, 0 %, 6 MiB, 49140 MiB, 34, 16.78 W
2026/03/29 11:47:28.331, 2, 0 %, 0 %, 4 MiB, 49140 MiB, 33, 17.39 W
2026/03/29 11:47:28.331, 3, 0 %, 0 %, 6 MiB, 49140 MiB, 32, 20.47 W
2026/03/29 11:47:58.331, 0, 100 %, 6 %, 32138 MiB, 49140 MiB, 65, 166.45 W
2026/03/29 11:47:58.331, 1, 0 %, 0 %, 6 MiB, 49140 MiB, 34, 16.90 W
2026/03/29 11:47:58.331, 2, 0 %, 0 %, 4 MiB, 49140 MiB, 33, 17.59 W
2026/03/29 11:47:58.332, 3, 0 %, 0 %, 6 MiB, 49140 MiB, 32, 20.56 W
2026/03/29 11:48:28.332, 0, 100 %, 5 %, 32138 MiB, 49140 MiB, 65, 171.11 W
2026/03/29 11:48:28.332, 1, 0 %, 0 %, 6 MiB, 49140 MiB, 34, 16.88 W
2026/03/29 11:48:28.332, 2, 0 %, 0 %, 4 MiB, 49140 MiB, 33, 17.22 W
2026/03/29 11:48:28.332, 3, 0 %, 0 %, 6 MiB, 49140 MiB, 32, 20.48 W
2026/03/29 11:48:58.333, 0, 100 %, 5 %, 32138 MiB, 49140 MiB, 67, 197.51 W
2026/03/29 11:48:58.333, 1, 0 %, 0 %, 6 MiB, 49140 MiB, 34, 16.63 W
2026/03/29 11:48:58.333, 2, 0 %, 0 %, 4 MiB, 49140 MiB, 33, 17.47 W
2026/03/29 11:48:58.333, 3, 0 %, 0 %, 6 MiB, 49140 MiB, 32, 20.66 W
2026/03/29 11:49:28.334, 0, 100 %, 6 %, 32138 MiB, 49140 MiB, 68, 211.88 W
2026/03/29 11:49:28.334, 1, 0 %, 0 %, 6 MiB, 49140 MiB, 33, 16.69 W
2026/03/29 11:49:28.334, 2, 0 %, 0 %, 4 MiB, 49140 MiB, 33, 17.69 W
2026/03/29 11:49:28.334, 3, 0 %, 0 %, 6 MiB, 49140 MiB, 32, 20.59 W
2026/03/29 11:49:58.334, 0, 100 %, 23 %, 32138 MiB, 49140 MiB, 66, 212.90 W
2026/03/29 11:49:58.335, 1, 0 %, 0 %, 6 MiB, 49140 MiB, 33, 16.95 W
2026/03/29 11:49:58.335, 2, 0 %, 0 %, 4 MiB, 49140 MiB, 32, 17.75 W
2026/03/29 11:49:58.335, 3, 0 %, 0 %, 6 MiB, 49140 MiB, 32, 20.51 W
2026/03/29 11:50:28.335, 0, 100 %, 20 %, 32138 MiB, 49140 MiB, 66, 213.10 W
2026/03/29 11:50:28.336, 1, 0 %, 0 %, 6 MiB, 49140 MiB, 33, 16.63 W
2026/03/29 11:50:28.336, 2, 0 %, 0 %, 4 MiB, 49140 MiB, 32, 17.86 W
2026/03/29 11:50:28.336, 3, 0 %, 0 %, 6 MiB, 49140 MiB, 32, 20.41 W
2026/03/29 11:50:58.336, 0, 100 %, 18 %, 32138 MiB, 49140 MiB, 66, 165.46 W
2026/03/29 11:50:58.337, 1, 0 %, 0 %, 6 MiB, 49140 MiB, 33, 17.03 W
2026/03/29 11:50:58.337, 2, 0 %, 0 %, 4 MiB, 49140 MiB, 32, 17.93 W
2026/03/29 11:50:58.337, 3, 0 %, 0 %, 6 MiB, 49140 MiB, 32, 20.28 W
2026/03/29 11:51:28.338, 0, 100 %, 8 %, 32138 MiB, 49140 MiB, 66, 166.01 W
2026/03/29 11:51:28.338, 1, 0 %, 0 %, 6 MiB, 49140 MiB, 33, 16.87 W
2026/03/29 11:51:28.338, 2, 0 %, 0 %, 4 MiB, 49140 MiB, 32, 17.91 W
2026/03/29 11:51:28.338, 3, 0 %, 0 %, 6 MiB, 49140 MiB, 32, 20.46 W
2026/03/29 11:51:58.338, 0, 100 %, 7 %, 32138 MiB, 49140 MiB, 66, 164.02 W
2026/03/29 11:51:58.339, 1, 0 %, 0 %, 6 MiB, 49140 MiB, 33, 16.53 W
2026/03/29 11:51:58.339, 2, 0 %, 0 %, 4 MiB, 49140 MiB, 32, 17.80 W
2026/03/29 11:51:58.339, 3, 0 %, 0 %, 6 MiB, 49140 MiB, 32, 20.41 W
2026/03/29 11:52:28.339, 0, 100 %, 6 %, 32138 MiB, 49140 MiB, 66, 163.01 W
2026/03/29 11:52:28.339, 1, 0 %, 0 %, 6 MiB, 49140 MiB, 33, 17.03 W
2026/03/29 11:52:28.339, 2, 0 %, 0 %, 4 MiB, 49140 MiB, 32, 18.01 W
2026/03/29 11:52:28.339, 3, 0 %, 0 %, 6 MiB, 49140 MiB, 32, 20.35 W
2026/03/29 11:52:58.340, 0, 100 %, 8 %, 32138 MiB, 49140 MiB, 66, 164.43 W
2026/03/29 11:52:58.340, 1, 0 %, 0 %, 6 MiB, 49140 MiB, 33, 17.07 W
2026/03/29 11:52:58.340, 2, 0 %, 0 %, 4 MiB, 49140 MiB, 32, 17.73 W
2026/03/29 11:52:58.340, 3, 0 %, 0 %, 6 MiB, 49140 MiB, 32, 20.48 W
2026/03/29 11:53:28.340, 0, 100 %, 8 %, 32138 MiB, 49140 MiB, 66, 165.17 W
2026/03/29 11:53:28.341, 1, 0 %, 0 %, 6 MiB, 49140 MiB, 33, 17.00 W
2026/03/29 11:53:28.341, 2, 0 %, 0 %, 4 MiB, 49140 MiB, 32, 17.62 W
2026/03/29 11:53:28.341, 3, 0 %, 0 %, 6 MiB, 49140 MiB, 32, 20.58 W
2026/03/29 11:53:58.341, 0, 100 %, 9 %, 32138 MiB, 49140 MiB, 66, 164.08 W
2026/03/29 11:53:58.342, 1, 0 %, 0 %, 6 MiB, 49140 MiB, 33, 17.05 W
2026/03/29 11:53:58.342, 2, 0 %, 0 %, 4 MiB, 49140 MiB, 32, 17.46 W
2026/03/29 11:53:58.342, 3, 0 %, 0 %, 6 MiB, 49140 MiB, 32, 20.47 W
2026/03/29 11:54:28.342, 0, 100 %, 10 %, 32138 MiB, 49140 MiB, 65, 162.30 W
2026/03/29 11:54:28.343, 1, 0 %, 0 %, 6 MiB, 49140 MiB, 33, 16.73 W
2026/03/29 11:54:28.343, 2, 0 %, 0 %, 4 MiB, 49140 MiB, 32, 17.82 W
2026/03/29 11:54:28.343, 3, 0 %, 0 %, 6 MiB, 49140 MiB, 32, 20.39 W
2026/03/29 11:54:58.343, 0, 100 %, 11 %, 32138 MiB, 49140 MiB, 65, 163.09 W
2026/03/29 11:54:58.343, 1, 0 %, 0 %, 6 MiB, 49140 MiB, 33, 16.62 W
2026/03/29 11:54:58.344, 2, 0 %, 0 %, 4 MiB, 49140 MiB, 32, 18.08 W
2026/03/29 11:54:58.344, 3, 0 %, 0 %, 6 MiB, 49140 MiB, 32, 20.53 W
2026/03/29 11:55:28.344, 0, 100 %, 8 %, 32138 MiB, 49140 MiB, 65, 159.41 W
2026/03/29 11:55:28.344, 1, 0 %, 0 %, 6 MiB, 49140 MiB, 33, 16.87 W
2026/03/29 11:55:28.344, 2, 0 %, 0 %, 4 MiB, 49140 MiB, 32, 17.73 W
2026/03/29 11:55:28.345, 3, 0 %, 0 %, 6 MiB, 49140 MiB, 32, 20.44 W
2026/03/29 11:55:58.345, 0, 100 %, 9 %, 32138 MiB, 49140 MiB, 65, 157.50 W
2026/03/29 11:55:58.345, 1, 0 %, 0 %, 6 MiB, 49140 MiB, 33, 16.68 W
2026/03/29 11:55:58.345, 2, 0 %, 0 %, 4 MiB, 49140 MiB, 32, 17.63 W
2026/03/29 11:55:58.345, 3, 0 %, 0 %, 6 MiB, 49140 MiB, 32, 20.52 W
2026/03/29 11:56:28.346, 0, 100 %, 9 %, 32138 MiB, 49140 MiB, 66, 178.88 W
2026/03/29 11:56:28.346, 1, 0 %, 0 %, 6 MiB, 49140 MiB, 33, 17.14 W
2026/03/29 11:56:28.346, 2, 0 %, 0 %, 4 MiB, 49140 MiB, 32, 17.76 W
2026/03/29 11:56:28.346, 3, 0 %, 0 %, 6 MiB, 49140 MiB, 32, 20.45 W
2026/03/29 11:56:58.346, 0, 100 %, 6 %, 32138 MiB, 49140 MiB, 66, 194.66 W
2026/03/29 11:56:58.347, 1, 0 %, 0 %, 6 MiB, 49140 MiB, 33, 17.25 W
2026/03/29 11:56:58.347, 2, 0 %, 0 %, 4 MiB, 49140 MiB, 32, 17.77 W
2026/03/29 11:56:58.347, 3, 0 %, 0 %, 6 MiB, 49140 MiB, 32, 20.49 W
2026/03/29 11:57:28.348, 0, 100 %, 6 %, 32138 MiB, 49140 MiB, 67, 215.68 W
2026/03/29 11:57:28.348, 1, 0 %, 0 %, 6 MiB, 49140 MiB, 33, 16.82 W
2026/03/29 11:57:28.348, 2, 0 %, 0 %, 4 MiB, 49140 MiB, 32, 18.08 W
2026/03/29 11:57:28.348, 3, 0 %, 0 %, 6 MiB, 49140 MiB, 32, 20.43 W
2026/03/29 11:57:58.349, 0, 100 %, 65 %, 32138 MiB, 49140 MiB, 65, 199.56 W
2026/03/29 11:57:58.349, 1, 0 %, 0 %, 6 MiB, 49140 MiB, 33, 17.07 W
2026/03/29 11:57:58.349, 2, 0 %, 0 %, 4 MiB, 49140 MiB, 32, 17.78 W
2026/03/29 11:57:58.349, 3, 0 %, 0 %, 6 MiB, 49140 MiB, 32, 20.47 W
2026/03/29 11:58:28.349, 0, 100 %, 39 %, 32138 MiB, 49140 MiB, 65, 220.21 W
2026/03/29 11:58:28.350, 1, 0 %, 0 %, 6 MiB, 49140 MiB, 33, 17.13 W
2026/03/29 11:58:28.350, 2, 0 %, 0 %, 4 MiB, 49140 MiB, 32, 18.23 W
2026/03/29 11:58:28.350, 3, 0 %, 0 %, 6 MiB, 49140 MiB, 32, 20.48 W
2026/03/29 11:58:58.350, 0, 0 %, 0 %, 1262 MiB, 49140 MiB, 61, 86.93 W
2026/03/29 11:58:58.351, 1, 0 %, 0 %, 6 MiB, 49140 MiB, 33, 16.83 W
2026/03/29 11:58:58.351, 2, 0 %, 0 %, 4 MiB, 49140 MiB, 32, 17.72 W
2026/03/29 11:58:58.351, 3, 0 %, 0 %, 6 MiB, 49140 MiB, 32, 20.46 W
2026/03/29 11:59:28.352, 0, 0 %, 0 %, 2058 MiB, 49140 MiB, 57, 84.24 W
2026/03/29 11:59:28.352, 1, 0 %, 0 %, 6 MiB, 49140 MiB, 34, 16.91 W
2026/03/29 11:59:28.352, 2, 0 %, 0 %, 4 MiB, 49140 MiB, 33, 17.91 W
2026/03/29 11:59:28.352, 3, 0 %, 0 %, 6 MiB, 49140 MiB, 32, 20.38 W
2026/03/29 11:59:58.353, 0, 0 %, 0 %, 2058 MiB, 49140 MiB, 54, 83.12 W
2026/03/29 11:59:58.354, 1, 0 %, 0 %, 6 MiB, 49140 MiB, 34, 16.51 W
2026/03/29 11:59:58.354, 2, 0 %, 0 %, 4 MiB, 49140 MiB, 33, 18.19 W
2026/03/29 11:59:58.354, 3, 0 %, 0 %, 6 MiB, 49140 MiB, 33, 20.45 W
2026/03/29 12:00:28.355, 0, 0 %, 0 %, 2058 MiB, 49140 MiB, 53, 81.99 W
2026/03/29 12:00:28.355, 1, 0 %, 0 %, 6 MiB, 49140 MiB, 34, 16.84 W
2026/03/29 12:00:28.355, 2, 0 %, 0 %, 4 MiB, 49140 MiB, 33, 18.08 W
2026/03/29 12:00:28.355, 3, 0 %, 0 %, 6 MiB, 49140 MiB, 33, 20.64 W
2026/03/29 12:00:58.356, 0, 0 %, 0 %, 2058 MiB, 49140 MiB, 51, 80.77 W
2026/03/29 12:00:58.356, 1, 0 %, 0 %, 6 MiB, 49140 MiB, 34, 17.16 W
2026/03/29 12:00:58.357, 2, 0 %, 0 %, 4 MiB, 49140 MiB, 33, 17.96 W
2026/03/29 12:00:58.357, 3, 0 %, 0 %, 6 MiB, 49140 MiB, 33, 20.50 W
2026/03/29 12:01:28.358, 0, 0 %, 0 %, 2058 MiB, 49140 MiB, 50, 79.98 W
2026/03/29 12:01:28.358, 1, 0 %, 0 %, 6 MiB, 49140 MiB, 34, 16.77 W
2026/03/29 12:01:28.358, 2, 0 %, 0 %, 4 MiB, 49140 MiB, 34, 17.79 W
2026/03/29 12:01:28.358, 3, 0 %, 0 %, 6 MiB, 49140 MiB, 33, 20.57 W
2026/03/29 12:01:58.359, 0, 0 %, 0 %, 2058 MiB, 49140 MiB, 49, 79.29 W
2026/03/29 12:01:58.360, 1, 0 %, 0 %, 6 MiB, 49140 MiB, 34, 16.85 W
2026/03/29 12:01:58.360, 2, 0 %, 0 %, 4 MiB, 49140 MiB, 34, 17.76 W
2026/03/29 12:01:58.360, 3, 0 %, 0 %, 6 MiB, 49140 MiB, 33, 20.46 W
2026/03/29 12:02:28.361, 0, 100 %, 20 %, 47560 MiB, 49140 MiB, 54, 201.89 W
2026/03/29 12:02:28.362, 1, 0 %, 0 %, 6 MiB, 49140 MiB, 34, 17.22 W
2026/03/29 12:02:28.362, 2, 0 %, 0 %, 4 MiB, 49140 MiB, 34, 17.88 W
2026/03/29 12:02:28.362, 3, 0 %, 0 %, 6 MiB, 49140 MiB, 33, 20.33 W
2026/03/29 12:02:58.362, 0, 100 %, 27 %, 47574 MiB, 49140 MiB, 61, 204.68 W
2026/03/29 12:02:58.363, 1, 0 %, 0 %, 6 MiB, 49140 MiB, 35, 17.73 W
2026/03/29 12:02:58.363, 2, 0 %, 0 %, 4 MiB, 49140 MiB, 34, 17.75 W
2026/03/29 12:02:58.363, 3, 0 %, 0 %, 6 MiB, 49140 MiB, 33, 20.58 W
2026/03/29 12:03:28.363, 0, 100 %, 36 %, 47574 MiB, 49140 MiB, 63, 178.58 W
2026/03/29 12:03:28.363, 1, 0 %, 0 %, 6 MiB, 49140 MiB, 34, 17.52 W
2026/03/29 12:03:28.363, 2, 0 %, 0 %, 4 MiB, 49140 MiB, 34, 17.75 W
2026/03/29 12:03:28.364, 3, 0 %, 0 %, 6 MiB, 49140 MiB, 33, 20.49 W
2026/03/29 12:03:58.364, 0, 100 %, 9 %, 47574 MiB, 49140 MiB, 65, 163.47 W
2026/03/29 12:03:58.364, 1, 0 %, 0 %, 6 MiB, 49140 MiB, 34, 17.64 W
2026/03/29 12:03:58.364, 2, 0 %, 0 %, 4 MiB, 49140 MiB, 34, 17.32 W
2026/03/29 12:03:58.364, 3, 0 %, 0 %, 6 MiB, 49140 MiB, 33, 20.53 W
2026/03/29 12:04:28.365, 0, 100 %, 10 %, 47574 MiB, 49140 MiB, 65, 174.95 W
2026/03/29 12:04:28.365, 1, 0 %, 0 %, 6 MiB, 49140 MiB, 34, 17.64 W
2026/03/29 12:04:28.366, 2, 0 %, 0 %, 4 MiB, 49140 MiB, 34, 17.88 W
2026/03/29 12:04:28.366, 3, 0 %, 0 %, 6 MiB, 49140 MiB, 33, 20.39 W
2026/03/29 12:04:58.367, 0, 100 %, 7 %, 47574 MiB, 49140 MiB, 68, 177.70 W
2026/03/29 12:04:58.367, 1, 0 %, 0 %, 6 MiB, 49140 MiB, 34, 17.24 W
2026/03/29 12:04:58.367, 2, 0 %, 0 %, 4 MiB, 49140 MiB, 33, 17.83 W
2026/03/29 12:04:58.367, 3, 0 %, 0 %, 6 MiB, 49140 MiB, 33, 20.49 W
2026/03/29 12:05:28.367, 0, 100 %, 6 %, 47574 MiB, 49140 MiB, 67, 158.33 W
2026/03/29 12:05:28.367, 1, 0 %, 0 %, 6 MiB, 49140 MiB, 34, 17.20 W
2026/03/29 12:05:28.368, 2, 0 %, 0 %, 4 MiB, 49140 MiB, 33, 17.62 W
2026/03/29 12:05:28.368, 3, 0 %, 0 %, 6 MiB, 49140 MiB, 33, 20.48 W
2026/03/29 12:05:58.368, 0, 100 %, 6 %, 47574 MiB, 49140 MiB, 66, 159.74 W
2026/03/29 12:05:58.368, 1, 0 %, 0 %, 6 MiB, 49140 MiB, 34, 16.89 W
2026/03/29 12:05:58.369, 2, 0 %, 0 %, 4 MiB, 49140 MiB, 33, 17.73 W
2026/03/29 12:05:58.369, 3, 0 %, 0 %, 6 MiB, 49140 MiB, 33, 20.56 W
2026/03/29 12:06:28.369, 0, 100 %, 17 %, 47574 MiB, 49140 MiB, 66, 217.33 W
2026/03/29 12:06:28.369, 1, 0 %, 0 %, 6 MiB, 49140 MiB, 34, 16.77 W
2026/03/29 12:06:28.369, 2, 0 %, 0 %, 4 MiB, 49140 MiB, 33, 17.39 W
2026/03/29 12:06:28.369, 3, 0 %, 0 %, 6 MiB, 49140 MiB, 32, 20.37 W
2026/03/29 12:06:58.370, 0, 100 %, 28 %, 47574 MiB, 49140 MiB, 66, 186.58 W
2026/03/29 12:06:58.370, 1, 0 %, 0 %, 6 MiB, 49140 MiB, 34, 17.35 W
2026/03/29 12:06:58.370, 2, 0 %, 0 %, 4 MiB, 49140 MiB, 33, 17.77 W
2026/03/29 12:06:58.370, 3, 0 %, 0 %, 6 MiB, 49140 MiB, 32, 20.64 W
2026/03/29 12:07:28.371, 0, 100 %, 7 %, 47576 MiB, 49140 MiB, 66, 160.77 W
2026/03/29 12:07:28.371, 1, 0 %, 0 %, 6 MiB, 49140 MiB, 33, 17.15 W
2026/03/29 12:07:28.371, 2, 0 %, 0 %, 4 MiB, 49140 MiB, 33, 17.96 W
2026/03/29 12:07:28.371, 3, 0 %, 0 %, 6 MiB, 49140 MiB, 32, 20.53 W
2026/03/29 12:07:58.372, 0, 100 %, 19 %, 47576 MiB, 49140 MiB, 66, 222.93 W
2026/03/29 12:07:58.372, 1, 0 %, 0 %, 6 MiB, 49140 MiB, 34, 17.00 W
2026/03/29 12:07:58.373, 2, 0 %, 0 %, 4 MiB, 49140 MiB, 33, 18.23 W
2026/03/29 12:07:58.373, 3, 0 %, 0 %, 6 MiB, 49140 MiB, 32, 20.42 W
2026/03/29 12:08:28.373, 0, 100 %, 37 %, 47576 MiB, 49140 MiB, 66, 198.99 W
2026/03/29 12:08:28.373, 1, 0 %, 0 %, 6 MiB, 49140 MiB, 34, 17.02 W
2026/03/29 12:08:28.374, 2, 0 %, 0 %, 4 MiB, 49140 MiB, 33, 17.94 W
2026/03/29 12:08:28.374, 3, 0 %, 0 %, 6 MiB, 49140 MiB, 32, 20.50 W
2026/03/29 12:08:58.374, 0, 100 %, 8 %, 47576 MiB, 49140 MiB, 67, 168.85 W
2026/03/29 12:08:58.374, 1, 0 %, 0 %, 6 MiB, 49140 MiB, 34, 17.11 W
2026/03/29 12:08:58.374, 2, 0 %, 0 %, 4 MiB, 49140 MiB, 33, 17.84 W
2026/03/29 12:08:58.374, 3, 0 %, 0 %, 6 MiB, 49140 MiB, 32, 20.50 W
2026/03/29 12:09:28.375, 0, 100 %, 6 %, 47576 MiB, 49140 MiB, 66, 189.37 W
2026/03/29 12:09:28.376, 1, 0 %, 0 %, 6 MiB, 49140 MiB, 34, 17.51 W
2026/03/29 12:09:28.376, 2, 0 %, 0 %, 4 MiB, 49140 MiB, 32, 17.75 W
2026/03/29 12:09:28.376, 3, 0 %, 0 %, 6 MiB, 49140 MiB, 32, 20.44 W
2026/03/29 12:09:58.377, 0, 100 %, 35 %, 47576 MiB, 49140 MiB, 66, 190.91 W
2026/03/29 12:09:58.377, 1, 0 %, 0 %, 6 MiB, 49140 MiB, 33, 16.90 W
2026/03/29 12:09:58.377, 2, 0 %, 0 %, 4 MiB, 49140 MiB, 32, 17.69 W
2026/03/29 12:09:58.377, 3, 0 %, 0 %, 6 MiB, 49140 MiB, 32, 20.36 W
2026/03/29 12:10:28.377, 0, 100 %, 19 %, 47576 MiB, 49140 MiB, 67, 220.59 W
2026/03/29 12:10:28.378, 1, 0 %, 0 %, 6 MiB, 49140 MiB, 33, 16.95 W
2026/03/29 12:10:28.378, 2, 0 %, 0 %, 4 MiB, 49140 MiB, 32, 18.07 W
2026/03/29 12:10:28.378, 3, 0 %, 0 %, 6 MiB, 49140 MiB, 32, 20.55 W
2026/03/29 12:10:58.378, 0, 100 %, 6 %, 47576 MiB, 49140 MiB, 67, 174.50 W
2026/03/29 12:10:58.379, 1, 0 %, 0 %, 6 MiB, 49140 MiB, 34, 17.08 W
2026/03/29 12:10:58.379, 2, 0 %, 0 %, 4 MiB, 49140 MiB, 32, 18.02 W
2026/03/29 12:10:58.379, 3, 0 %, 0 %, 6 MiB, 49140 MiB, 32, 20.48 W
2026/03/29 12:11:28.379, 0, 100 %, 5 %, 47578 MiB, 49140 MiB, 66, 164.95 W
2026/03/29 12:11:28.379, 1, 0 %, 0 %, 6 MiB, 49140 MiB, 33, 17.09 W
2026/03/29 12:11:28.379, 2, 0 %, 0 %, 4 MiB, 49140 MiB, 32, 17.75 W
2026/03/29 12:11:28.379, 3, 0 %, 0 %, 6 MiB, 49140 MiB, 32, 20.27 W
2026/03/29 12:11:58.381, 0, 100 %, 16 %, 47578 MiB, 49140 MiB, 66, 220.25 W
2026/03/29 12:11:58.381, 1, 0 %, 0 %, 6 MiB, 49140 MiB, 34, 16.76 W
2026/03/29 12:11:58.381, 2, 0 %, 0 %, 4 MiB, 49140 MiB, 32, 18.15 W
2026/03/29 12:11:58.381, 3, 0 %, 0 %, 6 MiB, 49140 MiB, 32, 20.50 W
2026/03/29 12:12:28.382, 0, 100 %, 27 %, 47578 MiB, 49140 MiB, 67, 185.08 W
2026/03/29 12:12:28.382, 1, 0 %, 0 %, 6 MiB, 49140 MiB, 33, 17.12 W
2026/03/29 12:12:28.383, 2, 0 %, 0 %, 4 MiB, 49140 MiB, 32, 17.72 W
2026/03/29 12:12:28.383, 3, 0 %, 0 %, 6 MiB, 49140 MiB, 32, 20.63 W
2026/03/29 12:12:58.384, 0, 100 %, 5 %, 47578 MiB, 49140 MiB, 67, 166.83 W
2026/03/29 12:12:58.384, 1, 0 %, 0 %, 6 MiB, 49140 MiB, 34, 16.88 W
2026/03/29 12:12:58.384, 2, 0 %, 0 %, 4 MiB, 49140 MiB, 32, 17.76 W
2026/03/29 12:12:58.384, 3, 0 %, 0 %, 6 MiB, 49140 MiB, 32, 20.69 W
2026/03/29 12:13:28.385, 0, 100 %, 6 %, 47578 MiB, 49140 MiB, 66, 192.91 W
2026/03/29 12:13:28.386, 1, 0 %, 0 %, 6 MiB, 49140 MiB, 34, 17.13 W
2026/03/29 12:13:28.386, 2, 0 %, 0 %, 4 MiB, 49140 MiB, 32, 18.17 W
2026/03/29 12:13:28.386, 3, 0 %, 0 %, 6 MiB, 49140 MiB, 32, 20.52 W
2026/03/29 12:13:58.387, 0, 100 %, 7 %, 47578 MiB, 49140 MiB, 66, 187.80 W
2026/03/29 12:13:58.387, 1, 0 %, 0 %, 6 MiB, 49140 MiB, 33, 17.10 W
2026/03/29 12:13:58.387, 2, 0 %, 0 %, 4 MiB, 49140 MiB, 32, 17.43 W
2026/03/29 12:13:58.387, 3, 0 %, 0 %, 6 MiB, 49140 MiB, 32, 20.66 W
2026/03/29 12:14:28.389, 0, 100 %, 15 %, 47578 MiB, 49140 MiB, 68, 239.54 W
2026/03/29 12:14:28.389, 1, 0 %, 0 %, 6 MiB, 49140 MiB, 33, 17.05 W
2026/03/29 12:14:28.390, 2, 0 %, 0 %, 4 MiB, 49140 MiB, 32, 17.86 W
2026/03/29 12:14:28.390, 3, 0 %, 0 %, 6 MiB, 49140 MiB, 32, 20.43 W
2026/03/29 12:14:58.391, 0, 100 %, 27 %, 47578 MiB, 49140 MiB, 67, 179.88 W
2026/03/29 12:14:58.391, 1, 0 %, 0 %, 6 MiB, 49140 MiB, 33, 17.37 W
2026/03/29 12:14:58.391, 2, 0 %, 0 %, 4 MiB, 49140 MiB, 32, 18.09 W
2026/03/29 12:14:58.392, 3, 0 %, 0 %, 6 MiB, 49140 MiB, 32, 20.60 W
2026/03/29 12:15:28.393, 0, 100 %, 27 %, 47578 MiB, 49140 MiB, 66, 179.55 W
2026/03/29 12:15:28.393, 1, 0 %, 0 %, 6 MiB, 49140 MiB, 33, 17.11 W
2026/03/29 12:15:28.393, 2, 0 %, 0 %, 4 MiB, 49140 MiB, 32, 18.08 W
2026/03/29 12:15:28.393, 3, 0 %, 0 %, 6 MiB, 49140 MiB, 32, 20.49 W
2026/03/29 12:15:58.395, 0, 100 %, 17 %, 47578 MiB, 49140 MiB, 66, 245.29 W
2026/03/29 12:15:58.395, 1, 0 %, 0 %, 6 MiB, 49140 MiB, 33, 16.92 W
2026/03/29 12:15:58.395, 2, 0 %, 0 %, 4 MiB, 49140 MiB, 32, 17.98 W
2026/03/29 12:15:58.395, 3, 0 %, 0 %, 6 MiB, 49140 MiB, 32, 20.57 W
2026/03/29 12:16:28.396, 0, 100 %, 48 %, 47578 MiB, 49140 MiB, 67, 216.46 W
2026/03/29 12:16:28.397, 1, 0 %, 0 %, 6 MiB, 49140 MiB, 33, 17.12 W
2026/03/29 12:16:28.397, 2, 0 %, 0 %, 4 MiB, 49140 MiB, 32, 17.63 W
2026/03/29 12:16:28.397, 3, 0 %, 0 %, 6 MiB, 49140 MiB, 32, 20.46 W
2026/03/29 12:16:58.398, 0, 100 %, 12 %, 47578 MiB, 49140 MiB, 66, 178.44 W
2026/03/29 12:16:58.399, 1, 0 %, 0 %, 6 MiB, 49140 MiB, 33, 17.02 W
2026/03/29 12:16:58.399, 2, 0 %, 0 %, 4 MiB, 49140 MiB, 32, 17.98 W
2026/03/29 12:16:58.399, 3, 0 %, 0 %, 6 MiB, 49140 MiB, 32, 20.83 W
2026/03/29 12:17:28.400, 0, 100 %, 7 %, 47578 MiB, 49140 MiB, 66, 181.04 W
2026/03/29 12:17:28.400, 1, 0 %, 0 %, 6 MiB, 49140 MiB, 33, 17.46 W
2026/03/29 12:17:28.400, 2, 0 %, 0 %, 4 MiB, 49140 MiB, 32, 17.96 W
2026/03/29 12:17:28.400, 3, 0 %, 0 %, 6 MiB, 49140 MiB, 32, 20.63 W
2026/03/29 12:17:58.401, 0, 100 %, 33 %, 47578 MiB, 49140 MiB, 66, 192.19 W
2026/03/29 12:17:58.401, 1, 0 %, 0 %, 6 MiB, 49140 MiB, 33, 16.97 W
2026/03/29 12:17:58.401, 2, 0 %, 0 %, 4 MiB, 49140 MiB, 32, 17.90 W
2026/03/29 12:17:58.401, 3, 0 %, 0 %, 6 MiB, 49140 MiB, 32, 20.55 W
2026/03/29 12:18:28.403, 0, 100 %, 8 %, 47578 MiB, 49140 MiB, 65, 171.73 W
2026/03/29 12:18:28.403, 1, 0 %, 0 %, 6 MiB, 49140 MiB, 33, 17.03 W
2026/03/29 12:18:28.403, 2, 0 %, 0 %, 4 MiB, 49140 MiB, 32, 17.92 W
2026/03/29 12:18:28.403, 3, 0 %, 0 %, 6 MiB, 49140 MiB, 32, 20.51 W
2026/03/29 12:18:58.404, 0, 100 %, 8 %, 47578 MiB, 49140 MiB, 66, 164.05 W
2026/03/29 12:18:58.404, 1, 0 %, 0 %, 6 MiB, 49140 MiB, 33, 16.99 W
2026/03/29 12:18:58.405, 2, 0 %, 0 %, 4 MiB, 49140 MiB, 32, 17.94 W
2026/03/29 12:18:58.405, 3, 0 %, 0 %, 6 MiB, 49140 MiB, 32, 20.36 W
2026/03/29 12:19:28.406, 0, 100 %, 5 %, 47578 MiB, 49140 MiB, 65, 165.91 W
2026/03/29 12:19:28.406, 1, 0 %, 0 %, 6 MiB, 49140 MiB, 33, 17.01 W
2026/03/29 12:19:28.406, 2, 0 %, 0 %, 4 MiB, 49140 MiB, 32, 17.75 W
2026/03/29 12:19:28.406, 3, 0 %, 0 %, 6 MiB, 49140 MiB, 32, 20.34 W
2026/03/29 12:19:58.408, 0, 100 %, 7 %, 47578 MiB, 49140 MiB, 65, 165.38 W
2026/03/29 12:19:58.408, 1, 0 %, 0 %, 6 MiB, 49140 MiB, 33, 16.77 W
2026/03/29 12:19:58.408, 2, 0 %, 0 %, 4 MiB, 49140 MiB, 32, 17.66 W
2026/03/29 12:19:58.408, 3, 0 %, 0 %, 6 MiB, 49140 MiB, 32, 20.55 W
2026/03/29 12:20:28.409, 0, 100 %, 7 %, 47578 MiB, 49140 MiB, 65, 161.51 W
2026/03/29 12:20:28.410, 1, 0 %, 0 %, 6 MiB, 49140 MiB, 33, 17.20 W
2026/03/29 12:20:28.410, 2, 0 %, 0 %, 4 MiB, 49140 MiB, 32, 17.73 W
2026/03/29 12:20:28.410, 3, 0 %, 0 %, 6 MiB, 49140 MiB, 32, 20.37 W
2026/03/29 12:20:58.410, 0, 100 %, 5 %, 47578 MiB, 49140 MiB, 65, 155.88 W
2026/03/29 12:20:58.411, 1, 0 %, 0 %, 6 MiB, 49140 MiB, 33, 17.12 W
2026/03/29 12:20:58.411, 2, 0 %, 0 %, 4 MiB, 49140 MiB, 32, 17.61 W
2026/03/29 12:20:58.411, 3, 0 %, 0 %, 6 MiB, 49140 MiB, 32, 20.38 W
2026/03/29 12:21:28.412, 0, 100 %, 8 %, 47578 MiB, 49140 MiB, 65, 153.90 W
2026/03/29 12:21:28.412, 1, 0 %, 0 %, 6 MiB, 49140 MiB, 33, 16.83 W
2026/03/29 12:21:28.412, 2, 0 %, 0 %, 4 MiB, 49140 MiB, 32, 17.94 W
2026/03/29 12:21:28.412, 3, 0 %, 0 %, 6 MiB, 49140 MiB, 32, 20.60 W
2026/03/29 12:21:58.414, 0, 100 %, 7 %, 47578 MiB, 49140 MiB, 65, 160.31 W
2026/03/29 12:21:58.414, 1, 0 %, 0 %, 6 MiB, 49140 MiB, 33, 16.73 W
2026/03/29 12:21:58.414, 2, 0 %, 0 %, 4 MiB, 49140 MiB, 32, 17.86 W
2026/03/29 12:21:58.414, 3, 0 %, 0 %, 6 MiB, 49140 MiB, 32, 20.52 W
2026/03/29 12:22:28.415, 0, 100 %, 5 %, 47578 MiB, 49140 MiB, 68, 166.62 W
2026/03/29 12:22:28.416, 1, 0 %, 0 %, 6 MiB, 49140 MiB, 33, 17.01 W
2026/03/29 12:22:28.416, 2, 0 %, 0 %, 4 MiB, 49140 MiB, 32, 17.80 W
2026/03/29 12:22:28.416, 3, 0 %, 0 %, 6 MiB, 49140 MiB, 32, 20.34 W
2026/03/29 12:22:58.416, 0, 100 %, 5 %, 47578 MiB, 49140 MiB, 65, 152.54 W
2026/03/29 12:22:58.417, 1, 0 %, 0 %, 6 MiB, 49140 MiB, 34, 17.19 W
2026/03/29 12:22:58.417, 2, 0 %, 0 %, 4 MiB, 49140 MiB, 32, 17.55 W
2026/03/29 12:22:58.417, 3, 0 %, 0 %, 6 MiB, 49140 MiB, 32, 20.74 W
2026/03/29 12:23:28.417, 0, 100 %, 6 %, 47578 MiB, 49140 MiB, 65, 157.62 W
2026/03/29 12:23:28.418, 1, 0 %, 0 %, 6 MiB, 49140 MiB, 33, 17.05 W
2026/03/29 12:23:28.418, 2, 0 %, 0 %, 4 MiB, 49140 MiB, 32, 17.79 W
2026/03/29 12:23:28.418, 3, 0 %, 0 %, 6 MiB, 49140 MiB, 32, 20.55 W
2026/03/29 12:23:58.419, 0, 0 %, 0 %, 2323 MiB, 49140 MiB, 60, 86.05 W
2026/03/29 12:23:58.419, 1, 0 %, 0 %, 6 MiB, 49140 MiB, 33, 16.68 W
2026/03/29 12:23:58.419, 2, 0 %, 0 %, 4 MiB, 49140 MiB, 32, 17.98 W
2026/03/29 12:23:58.419, 3, 0 %, 0 %, 6 MiB, 49140 MiB, 32, 20.35 W
2026/03/29 12:24:28.420, 0, 0 %, 0 %, 2323 MiB, 49140 MiB, 56, 84.11 W
2026/03/29 12:24:28.421, 1, 0 %, 0 %, 6 MiB, 49140 MiB, 34, 16.83 W
2026/03/29 12:24:28.421, 2, 0 %, 0 %, 4 MiB, 49140 MiB, 33, 18.15 W
2026/03/29 12:24:28.421, 3, 0 %, 0 %, 6 MiB, 49140 MiB, 32, 20.44 W
2026/03/29 12:24:58.422, 0, 0 %, 0 %, 2323 MiB, 49140 MiB, 54, 82.83 W
2026/03/29 12:24:58.422, 1, 0 %, 0 %, 6 MiB, 49140 MiB, 34, 17.22 W
2026/03/29 12:24:58.422, 2, 0 %, 0 %, 4 MiB, 49140 MiB, 33, 17.90 W
2026/03/29 12:24:58.422, 3, 0 %, 0 %, 6 MiB, 49140 MiB, 32, 20.58 W
2026/03/29 12:25:28.423, 0, 0 %, 0 %, 2323 MiB, 49140 MiB, 52, 81.19 W
2026/03/29 12:25:28.424, 1, 0 %, 0 %, 6 MiB, 49140 MiB, 34, 16.64 W
2026/03/29 12:25:28.424, 2, 0 %, 0 %, 4 MiB, 49140 MiB, 33, 17.82 W
2026/03/29 12:25:28.424, 3, 0 %, 0 %, 6 MiB, 49140 MiB, 32, 20.57 W
2026/03/29 12:25:58.425, 0, 0 %, 0 %, 2323 MiB, 49140 MiB, 51, 80.75 W
2026/03/29 12:25:58.425, 1, 0 %, 0 %, 6 MiB, 49140 MiB, 34, 16.88 W
2026/03/29 12:25:58.425, 2, 0 %, 0 %, 4 MiB, 49140 MiB, 33, 18.12 W
2026/03/29 12:25:58.425, 3, 0 %, 0 %, 6 MiB, 49140 MiB, 32, 20.61 W
2026/03/29 12:26:28.426, 0, 0 %, 0 %, 2323 MiB, 49140 MiB, 50, 79.99 W
2026/03/29 12:26:28.426, 1, 0 %, 0 %, 6 MiB, 49140 MiB, 34, 17.06 W
2026/03/29 12:26:28.426, 2, 0 %, 0 %, 4 MiB, 49140 MiB, 33, 17.91 W
2026/03/29 12:26:28.426, 3, 0 %, 0 %, 6 MiB, 49140 MiB, 32, 20.58 W
2026/03/29 12:26:58.427, 0, 0 %, 0 %, 2323 MiB, 49140 MiB, 49, 78.88 W
2026/03/29 12:26:58.428, 1, 0 %, 0 %, 6 MiB, 49140 MiB, 34, 17.05 W
2026/03/29 12:26:58.428, 2, 0 %, 0 %, 4 MiB, 49140 MiB, 33, 17.75 W
2026/03/29 12:26:58.428, 3, 0 %, 0 %, 6 MiB, 49140 MiB, 32, 20.59 W
2026/03/29 12:27:28.429, 0, 0 %, 0 %, 2323 MiB, 49140 MiB, 48, 80.50 W
2026/03/29 12:27:28.429, 1, 0 %, 0 %, 6 MiB, 49140 MiB, 34, 16.88 W
2026/03/29 12:27:28.429, 2, 0 %, 0 %, 4 MiB, 49140 MiB, 33, 17.92 W
2026/03/29 12:27:28.429, 3, 0 %, 0 %, 6 MiB, 49140 MiB, 32, 20.57 W
2026/03/29 12:27:58.430, 0, 100 %, 10 %, 45519 MiB, 49140 MiB, 54, 177.01 W
2026/03/29 12:27:58.431, 1, 0 %, 0 %, 6 MiB, 49140 MiB, 34, 17.22 W
2026/03/29 12:27:58.431, 2, 0 %, 0 %, 4 MiB, 49140 MiB, 34, 18.33 W
2026/03/29 12:27:58.431, 3, 0 %, 0 %, 6 MiB, 49140 MiB, 33, 20.44 W
2026/03/29 12:28:28.432, 0, 100 %, 7 %, 48429 MiB, 49140 MiB, 59, 152.28 W
2026/03/29 12:28:28.432, 1, 0 %, 0 %, 6 MiB, 49140 MiB, 34, 17.04 W
2026/03/29 12:28:28.432, 2, 0 %, 0 %, 4 MiB, 49140 MiB, 34, 17.94 W
2026/03/29 12:28:28.432, 3, 0 %, 0 %, 6 MiB, 49140 MiB, 33, 20.52 W
2026/03/29 12:28:58.433, 0, 100 %, 6 %, 48429 MiB, 49140 MiB, 63, 158.79 W
2026/03/29 12:28:58.433, 1, 0 %, 0 %, 6 MiB, 49140 MiB, 34, 16.92 W
2026/03/29 12:28:58.433, 2, 0 %, 0 %, 4 MiB, 49140 MiB, 33, 18.41 W
2026/03/29 12:28:58.433, 3, 0 %, 0 %, 6 MiB, 49140 MiB, 33, 20.62 W
2026/03/29 12:29:28.434, 0, 100 %, 5 %, 48431 MiB, 49140 MiB, 64, 155.56 W
2026/03/29 12:29:28.434, 1, 0 %, 0 %, 6 MiB, 49140 MiB, 34, 17.11 W
2026/03/29 12:29:28.434, 2, 0 %, 0 %, 4 MiB, 49140 MiB, 33, 18.42 W
2026/03/29 12:29:28.434, 3, 0 %, 0 %, 6 MiB, 49140 MiB, 33, 20.40 W
2026/03/29 12:29:58.435, 0, 100 %, 6 %, 48431 MiB, 49140 MiB, 65, 156.16 W
2026/03/29 12:29:58.436, 1, 0 %, 0 %, 6 MiB, 49140 MiB, 34, 16.74 W
2026/03/29 12:29:58.436, 2, 0 %, 0 %, 4 MiB, 49140 MiB, 33, 18.10 W
2026/03/29 12:29:58.436, 3, 0 %, 0 %, 6 MiB, 49140 MiB, 32, 20.56 W
2026/03/29 12:30:28.437, 0, 100 %, 10 %, 48431 MiB, 49140 MiB, 65, 161.91 W
2026/03/29 12:30:28.438, 1, 0 %, 0 %, 6 MiB, 49140 MiB, 34, 17.02 W
2026/03/29 12:30:28.438, 2, 0 %, 0 %, 4 MiB, 49140 MiB, 33, 17.95 W
2026/03/29 12:30:28.438, 3, 0 %, 0 %, 6 MiB, 49140 MiB, 32, 20.39 W
2026/03/29 12:30:58.439, 0, 100 %, 18 %, 48431 MiB, 49140 MiB, 67, 222.19 W
2026/03/29 12:30:58.439, 1, 0 %, 0 %, 6 MiB, 49140 MiB, 34, 17.11 W
2026/03/29 12:30:58.439, 2, 0 %, 0 %, 4 MiB, 49140 MiB, 33, 18.17 W
2026/03/29 12:30:58.439, 3, 0 %, 0 %, 6 MiB, 49140 MiB, 32, 20.52 W
2026/03/29 12:31:28.440, 0, 100 %, 39 %, 48431 MiB, 49140 MiB, 68, 227.04 W
2026/03/29 12:31:28.440, 1, 0 %, 0 %, 6 MiB, 49140 MiB, 33, 17.32 W
2026/03/29 12:31:28.440, 2, 0 %, 0 %, 4 MiB, 49140 MiB, 33, 17.91 W
2026/03/29 12:31:28.440, 3, 0 %, 0 %, 6 MiB, 49140 MiB, 32, 20.54 W
2026/03/29 12:31:58.442, 0, 100 %, 27 %, 48431 MiB, 49140 MiB, 66, 185.36 W
2026/03/29 12:31:58.442, 1, 0 %, 0 %, 6 MiB, 49140 MiB, 33, 16.60 W
2026/03/29 12:31:58.442, 2, 0 %, 0 %, 4 MiB, 49140 MiB, 33, 18.08 W
2026/03/29 12:31:58.442, 3, 0 %, 0 %, 6 MiB, 49140 MiB, 32, 20.48 W
2026/03/29 12:32:28.443, 0, 100 %, 20 %, 48431 MiB, 49140 MiB, 68, 214.93 W
2026/03/29 12:32:28.444, 1, 0 %, 0 %, 6 MiB, 49140 MiB, 33, 16.93 W
2026/03/29 12:32:28.444, 2, 0 %, 0 %, 4 MiB, 49140 MiB, 32, 18.12 W
2026/03/29 12:32:28.444, 3, 0 %, 0 %, 6 MiB, 49140 MiB, 32, 20.47 W
2026/03/29 12:32:58.444, 0, 100 %, 14 %, 48431 MiB, 49140 MiB, 67, 213.32 W
2026/03/29 12:32:58.445, 1, 0 %, 0 %, 6 MiB, 49140 MiB, 33, 17.38 W
2026/03/29 12:32:58.445, 2, 0 %, 0 %, 4 MiB, 49140 MiB, 32, 18.55 W
2026/03/29 12:32:58.445, 3, 0 %, 0 %, 6 MiB, 49140 MiB, 32, 20.59 W
2026/03/29 12:33:28.446, 0, 100 %, 39 %, 48431 MiB, 49140 MiB, 66, 190.40 W
2026/03/29 12:33:28.446, 1, 0 %, 0 %, 6 MiB, 49140 MiB, 33, 16.81 W
2026/03/29 12:33:28.446, 2, 0 %, 0 %, 4 MiB, 49140 MiB, 32, 17.98 W
2026/03/29 12:33:28.446, 3, 0 %, 0 %, 6 MiB, 49140 MiB, 32, 20.63 W
2026/03/29 12:33:58.447, 0, 100 %, 9 %, 48431 MiB, 49140 MiB, 66, 210.81 W
2026/03/29 12:33:58.447, 1, 0 %, 0 %, 6 MiB, 49140 MiB, 33, 17.08 W
2026/03/29 12:33:58.448, 2, 0 %, 0 %, 4 MiB, 49140 MiB, 32, 17.89 W
2026/03/29 12:33:58.448, 3, 0 %, 0 %, 6 MiB, 49140 MiB, 32, 20.39 W
2026/03/29 12:34:28.449, 0, 100 %, 5 %, 48431 MiB, 49140 MiB, 66, 190.89 W
2026/03/29 12:34:28.449, 1, 0 %, 0 %, 6 MiB, 49140 MiB, 33, 17.32 W
2026/03/29 12:34:28.449, 2, 0 %, 0 %, 4 MiB, 49140 MiB, 32, 18.36 W
2026/03/29 12:34:28.449, 3, 0 %, 0 %, 6 MiB, 49140 MiB, 32, 20.53 W
2026/03/29 12:34:58.450, 0, 100 %, 9 %, 48431 MiB, 49140 MiB, 66, 162.86 W
2026/03/29 12:34:58.451, 1, 0 %, 0 %, 6 MiB, 49140 MiB, 33, 16.66 W
2026/03/29 12:34:58.451, 2, 0 %, 0 %, 4 MiB, 49140 MiB, 32, 18.14 W
2026/03/29 12:34:58.451, 3, 0 %, 0 %, 6 MiB, 49140 MiB, 32, 20.45 W
2026/03/29 12:35:28.452, 0, 100 %, 7 %, 48431 MiB, 49140 MiB, 66, 163.49 W
2026/03/29 12:35:28.452, 1, 0 %, 0 %, 6 MiB, 49140 MiB, 33, 16.90 W
2026/03/29 12:35:28.452, 2, 0 %, 0 %, 4 MiB, 49140 MiB, 32, 17.96 W
2026/03/29 12:35:28.452, 3, 0 %, 0 %, 6 MiB, 49140 MiB, 32, 20.56 W
2026/03/29 12:35:58.453, 0, 100 %, 7 %, 48431 MiB, 49140 MiB, 68, 195.73 W
2026/03/29 12:35:58.453, 1, 0 %, 0 %, 6 MiB, 49140 MiB, 33, 17.08 W
2026/03/29 12:35:58.454, 2, 0 %, 0 %, 4 MiB, 49140 MiB, 32, 17.83 W
2026/03/29 12:35:58.454, 3, 0 %, 0 %, 6 MiB, 49140 MiB, 32, 20.52 W
2026/03/29 12:36:28.455, 0, 100 %, 5 %, 48431 MiB, 49140 MiB, 67, 170.71 W
2026/03/29 12:36:28.455, 1, 0 %, 0 %, 6 MiB, 49140 MiB, 33, 16.68 W
2026/03/29 12:36:28.455, 2, 0 %, 0 %, 4 MiB, 49140 MiB, 32, 17.93 W
2026/03/29 12:36:28.456, 3, 0 %, 0 %, 6 MiB, 49140 MiB, 32, 20.71 W
2026/03/29 12:36:58.456, 0, 100 %, 7 %, 48431 MiB, 49140 MiB, 66, 163.54 W
2026/03/29 12:36:58.456, 1, 0 %, 0 %, 6 MiB, 49140 MiB, 33, 16.98 W
2026/03/29 12:36:58.457, 2, 0 %, 0 %, 4 MiB, 49140 MiB, 32, 17.93 W
2026/03/29 12:36:58.457, 3, 0 %, 0 %, 6 MiB, 49140 MiB, 32, 20.79 W
2026/03/29 12:37:28.458, 0, 100 %, 7 %, 48431 MiB, 49140 MiB, 66, 200.88 W
2026/03/29 12:37:28.458, 1, 0 %, 0 %, 6 MiB, 49140 MiB, 33, 16.99 W
2026/03/29 12:37:28.458, 2, 0 %, 0 %, 4 MiB, 49140 MiB, 32, 18.20 W
2026/03/29 12:37:28.458, 3, 0 %, 0 %, 6 MiB, 49140 MiB, 32, 20.65 W
2026/03/29 12:37:58.459, 0, 100 %, 37 %, 48431 MiB, 49140 MiB, 66, 239.48 W
2026/03/29 12:37:58.459, 1, 0 %, 0 %, 6 MiB, 49140 MiB, 33, 17.07 W
2026/03/29 12:37:58.459, 2, 0 %, 0 %, 4 MiB, 49140 MiB, 32, 17.89 W
2026/03/29 12:37:58.459, 3, 0 %, 0 %, 6 MiB, 49140 MiB, 32, 20.37 W
2026/03/29 12:38:28.460, 0, 100 %, 31 %, 48431 MiB, 49140 MiB, 67, 192.11 W
2026/03/29 12:38:28.461, 1, 0 %, 0 %, 6 MiB, 49140 MiB, 33, 17.13 W
2026/03/29 12:38:28.461, 2, 0 %, 0 %, 4 MiB, 49140 MiB, 32, 18.12 W
2026/03/29 12:38:28.461, 3, 0 %, 0 %, 6 MiB, 49140 MiB, 32, 20.68 W
2026/03/29 12:38:58.461, 0, 100 %, 8 %, 48431 MiB, 49140 MiB, 68, 185.36 W
2026/03/29 12:38:58.462, 1, 0 %, 0 %, 6 MiB, 49140 MiB, 33, 16.99 W
2026/03/29 12:38:58.462, 2, 0 %, 0 %, 4 MiB, 49140 MiB, 32, 17.80 W
2026/03/29 12:38:58.462, 3, 0 %, 0 %, 6 MiB, 49140 MiB, 32, 20.45 W
2026/03/29 12:39:28.463, 0, 100 %, 5 %, 48431 MiB, 49140 MiB, 67, 176.38 W
2026/03/29 12:39:28.463, 1, 0 %, 0 %, 6 MiB, 49140 MiB, 33, 16.79 W
2026/03/29 12:39:28.463, 2, 0 %, 0 %, 4 MiB, 49140 MiB, 32, 17.92 W
2026/03/29 12:39:28.463, 3, 0 %, 0 %, 6 MiB, 49140 MiB, 32, 20.36 W
2026/03/29 12:39:58.464, 0, 100 %, 9 %, 48431 MiB, 49140 MiB, 66, 176.13 W
2026/03/29 12:39:58.464, 1, 0 %, 0 %, 6 MiB, 49140 MiB, 33, 16.89 W
2026/03/29 12:39:58.464, 2, 0 %, 0 %, 4 MiB, 49140 MiB, 32, 17.71 W
2026/03/29 12:39:58.464, 3, 0 %, 0 %, 6 MiB, 49140 MiB, 32, 20.58 W
2026/03/29 12:40:28.466, 0, 100 %, 21 %, 48431 MiB, 49140 MiB, 66, 221.07 W
2026/03/29 12:40:28.466, 1, 0 %, 0 %, 6 MiB, 49140 MiB, 33, 16.75 W
2026/03/29 12:40:28.466, 2, 0 %, 0 %, 4 MiB, 49140 MiB, 32, 18.07 W
2026/03/29 12:40:28.466, 3, 0 %, 0 %, 6 MiB, 49140 MiB, 32, 20.39 W
2026/03/29 12:40:58.467, 0, 100 %, 28 %, 48431 MiB, 49140 MiB, 66, 184.92 W
2026/03/29 12:40:58.467, 1, 0 %, 0 %, 6 MiB, 49140 MiB, 33, 16.96 W
2026/03/29 12:40:58.467, 2, 0 %, 0 %, 4 MiB, 49140 MiB, 32, 17.99 W
2026/03/29 12:40:58.467, 3, 0 %, 0 %, 6 MiB, 49140 MiB, 32, 20.60 W
2026/03/29 12:41:28.469, 0, 100 %, 7 %, 48431 MiB, 49140 MiB, 65, 159.04 W
2026/03/29 12:41:28.469, 1, 0 %, 0 %, 6 MiB, 49140 MiB, 33, 16.88 W
2026/03/29 12:41:28.469, 2, 0 %, 0 %, 4 MiB, 49140 MiB, 32, 18.05 W
2026/03/29 12:41:28.469, 3, 0 %, 0 %, 6 MiB, 49140 MiB, 32, 20.54 W
2026/03/29 12:41:58.469, 0, 100 %, 6 %, 48431 MiB, 49140 MiB, 66, 175.28 W
2026/03/29 12:41:58.469, 1, 0 %, 0 %, 6 MiB, 49140 MiB, 33, 16.48 W
2026/03/29 12:41:58.470, 2, 0 %, 0 %, 4 MiB, 49140 MiB, 32, 17.61 W
2026/03/29 12:41:58.470, 3, 0 %, 0 %, 6 MiB, 49140 MiB, 32, 20.48 W
2026/03/29 12:42:28.471, 0, 100 %, 32 %, 48431 MiB, 49140 MiB, 67, 192.87 W
2026/03/29 12:42:28.471, 1, 0 %, 0 %, 6 MiB, 49140 MiB, 33, 17.00 W
2026/03/29 12:42:28.471, 2, 0 %, 0 %, 4 MiB, 49140 MiB, 32, 18.24 W
2026/03/29 12:42:28.471, 3, 0 %, 0 %, 6 MiB, 49140 MiB, 32, 20.68 W
2026/03/29 12:42:58.472, 0, 100 %, 7 %, 48431 MiB, 49140 MiB, 66, 159.39 W
2026/03/29 12:42:58.472, 1, 0 %, 0 %, 6 MiB, 49140 MiB, 33, 16.83 W
2026/03/29 12:42:58.472, 2, 0 %, 0 %, 4 MiB, 49140 MiB, 32, 18.05 W
2026/03/29 12:42:58.472, 3, 0 %, 0 %, 6 MiB, 49140 MiB, 32, 20.42 W
2026/03/29 12:43:28.473, 0, 100 %, 6 %, 48431 MiB, 49140 MiB, 66, 159.39 W
2026/03/29 12:43:28.473, 1, 0 %, 0 %, 6 MiB, 49140 MiB, 33, 16.90 W
2026/03/29 12:43:28.474, 2, 0 %, 0 %, 4 MiB, 49140 MiB, 32, 18.08 W
2026/03/29 12:43:28.474, 3, 0 %, 0 %, 6 MiB, 49140 MiB, 32, 20.39 W
2026/03/29 12:43:58.475, 0, 100 %, 19 %, 48431 MiB, 49140 MiB, 66, 220.51 W
2026/03/29 12:43:58.475, 1, 0 %, 0 %, 6 MiB, 49140 MiB, 33, 17.09 W
2026/03/29 12:43:58.475, 2, 0 %, 0 %, 4 MiB, 49140 MiB, 32, 17.85 W
2026/03/29 12:43:58.475, 3, 0 %, 0 %, 6 MiB, 49140 MiB, 32, 20.60 W
2026/03/29 12:44:28.476, 0, 100 %, 28 %, 48431 MiB, 49140 MiB, 68, 203.67 W
2026/03/29 12:44:28.476, 1, 0 %, 0 %, 6 MiB, 49140 MiB, 33, 17.31 W
2026/03/29 12:44:28.477, 2, 0 %, 0 %, 4 MiB, 49140 MiB, 32, 18.27 W
2026/03/29 12:44:28.477, 3, 0 %, 0 %, 6 MiB, 49140 MiB, 32, 20.56 W
2026/03/29 12:44:58.477, 0, 100 %, 6 %, 48431 MiB, 49140 MiB, 67, 165.83 W
2026/03/29 12:44:58.478, 1, 0 %, 0 %, 6 MiB, 49140 MiB, 33, 16.70 W
2026/03/29 12:44:58.478, 2, 0 %, 0 %, 4 MiB, 49140 MiB, 32, 18.01 W
2026/03/29 12:44:58.478, 3, 0 %, 0 %, 6 MiB, 49140 MiB, 32, 20.52 W
2026/03/29 12:45:28.479, 0, 100 %, 6 %, 48431 MiB, 49140 MiB, 66, 196.42 W
2026/03/29 12:45:28.479, 1, 0 %, 0 %, 6 MiB, 49140 MiB, 33, 17.20 W
2026/03/29 12:45:28.479, 2, 0 %, 0 %, 4 MiB, 49140 MiB, 32, 17.56 W
2026/03/29 12:45:28.479, 3, 0 %, 0 %, 6 MiB, 49140 MiB, 32, 20.61 W
2026/03/29 12:45:58.479, 0, 100 %, 28 %, 48431 MiB, 49140 MiB, 66, 246.87 W
2026/03/29 12:45:58.480, 1, 0 %, 0 %, 6 MiB, 49140 MiB, 33, 17.40 W
2026/03/29 12:45:58.480, 2, 0 %, 0 %, 4 MiB, 49140 MiB, 32, 17.88 W
2026/03/29 12:45:58.480, 3, 0 %, 0 %, 6 MiB, 49140 MiB, 32, 20.76 W
2026/03/29 12:46:28.480, 0, 100 %, 28 %, 48431 MiB, 49140 MiB, 66, 185.68 W
2026/03/29 12:46:28.481, 1, 0 %, 0 %, 6 MiB, 49140 MiB, 33, 17.19 W
2026/03/29 12:46:28.481, 2, 0 %, 0 %, 4 MiB, 49140 MiB, 32, 18.51 W
2026/03/29 12:46:28.481, 3, 0 %, 0 %, 6 MiB, 49140 MiB, 32, 20.50 W
2026/03/29 12:46:58.481, 0, 100 %, 6 %, 48431 MiB, 49140 MiB, 66, 159.31 W
2026/03/29 12:46:58.481, 1, 0 %, 0 %, 6 MiB, 49140 MiB, 33, 17.20 W
2026/03/29 12:46:58.481, 2, 0 %, 0 %, 4 MiB, 49140 MiB, 32, 18.49 W
2026/03/29 12:46:58.481, 3, 0 %, 0 %, 6 MiB, 49140 MiB, 32, 20.57 W
2026/03/29 12:47:28.482, 0, 100 %, 6 %, 48431 MiB, 49140 MiB, 66, 192.44 W
2026/03/29 12:47:28.482, 1, 0 %, 0 %, 6 MiB, 49140 MiB, 33, 16.99 W
2026/03/29 12:47:28.482, 2, 0 %, 0 %, 4 MiB, 49140 MiB, 32, 18.18 W
2026/03/29 12:47:28.483, 3, 0 %, 0 %, 6 MiB, 49140 MiB, 32, 20.59 W
2026/03/29 12:47:58.483, 0, 100 %, 9 %, 48431 MiB, 49140 MiB, 65, 188.73 W
2026/03/29 12:47:58.483, 1, 0 %, 0 %, 6 MiB, 49140 MiB, 33, 17.18 W
2026/03/29 12:47:58.483, 2, 0 %, 0 %, 4 MiB, 49140 MiB, 32, 17.95 W
2026/03/29 12:47:58.483, 3, 0 %, 0 %, 6 MiB, 49140 MiB, 32, 20.72 W
2026/03/29 12:48:28.483, 0, 100 %, 9 %, 48431 MiB, 49140 MiB, 68, 191.94 W
2026/03/29 12:48:28.483, 1, 0 %, 0 %, 6 MiB, 49140 MiB, 33, 16.93 W
2026/03/29 12:48:28.484, 2, 0 %, 0 %, 4 MiB, 49140 MiB, 32, 17.94 W
2026/03/29 12:48:28.484, 3, 0 %, 0 %, 6 MiB, 49140 MiB, 32, 20.68 W
2026/03/29 12:48:58.484, 0, 100 %, 5 %, 34797 MiB, 49140 MiB, 68, 166.19 W
2026/03/29 12:48:58.484, 1, 0 %, 0 %, 6 MiB, 49140 MiB, 33, 17.33 W
2026/03/29 12:48:58.484, 2, 0 %, 0 %, 4 MiB, 49140 MiB, 32, 17.86 W
2026/03/29 12:48:58.484, 3, 0 %, 0 %, 6 MiB, 49140 MiB, 32, 20.81 W
2026/03/29 12:49:28.485, 0, 0 %, 0 %, 1527 MiB, 49140 MiB, 58, 85.48 W
2026/03/29 12:49:28.485, 1, 0 %, 0 %, 6 MiB, 49140 MiB, 34, 17.28 W
2026/03/29 12:49:28.485, 2, 0 %, 0 %, 4 MiB, 49140 MiB, 33, 18.16 W
2026/03/29 12:49:28.485, 3, 0 %, 0 %, 6 MiB, 49140 MiB, 32, 20.45 W
2026/03/29 12:49:58.485, 0, 0 %, 0 %, 1527 MiB, 49140 MiB, 56, 83.70 W
2026/03/29 12:49:58.486, 1, 0 %, 0 %, 6 MiB, 49140 MiB, 34, 16.95 W
2026/03/29 12:49:58.486, 2, 0 %, 0 %, 4 MiB, 49140 MiB, 33, 17.77 W
2026/03/29 12:49:58.486, 3, 0 %, 0 %, 6 MiB, 49140 MiB, 33, 20.45 W
2026/03/29 12:50:28.486, 0, 0 %, 0 %, 1527 MiB, 49140 MiB, 54, 82.82 W
2026/03/29 12:50:28.486, 1, 0 %, 0 %, 6 MiB, 49140 MiB, 34, 17.05 W
2026/03/29 12:50:28.487, 2, 0 %, 0 %, 4 MiB, 49140 MiB, 33, 17.72 W
2026/03/29 12:50:28.487, 3, 0 %, 0 %, 6 MiB, 49140 MiB, 33, 20.60 W
2026/03/29 12:50:58.487, 0, 100 %, 2 %, 28475 MiB, 49140 MiB, 63, 152.57 W
2026/03/29 12:50:58.487, 1, 0 %, 0 %, 6 MiB, 49140 MiB, 34, 17.05 W
2026/03/29 12:50:58.488, 2, 0 %, 0 %, 4 MiB, 49140 MiB, 33, 17.41 W
2026/03/29 12:50:58.488, 3, 0 %, 0 %, 6 MiB, 49140 MiB, 33, 20.67 W
2026/03/29 12:51:28.489, 0, 100 %, 3 %, 28475 MiB, 49140 MiB, 63, 159.61 W
2026/03/29 12:51:28.489, 1, 0 %, 0 %, 6 MiB, 49140 MiB, 34, 17.22 W
2026/03/29 12:51:28.489, 2, 0 %, 0 %, 4 MiB, 49140 MiB, 33, 17.82 W
2026/03/29 12:51:28.489, 3, 0 %, 0 %, 6 MiB, 49140 MiB, 33, 20.54 W
2026/03/29 12:51:58.490, 0, 99 %, 96 %, 28475 MiB, 49140 MiB, 64, 201.16 W
2026/03/29 12:51:58.490, 1, 0 %, 0 %, 6 MiB, 49140 MiB, 34, 16.83 W
2026/03/29 12:51:58.490, 2, 0 %, 0 %, 4 MiB, 49140 MiB, 33, 17.58 W
2026/03/29 12:51:58.490, 3, 0 %, 0 %, 6 MiB, 49140 MiB, 33, 20.68 W
2026/03/29 12:52:28.491, 0, 100 %, 85 %, 28475 MiB, 49140 MiB, 65, 189.26 W
2026/03/29 12:52:28.491, 1, 0 %, 0 %, 6 MiB, 49140 MiB, 34, 16.82 W
2026/03/29 12:52:28.491, 2, 0 %, 0 %, 4 MiB, 49140 MiB, 33, 17.78 W
2026/03/29 12:52:28.491, 3, 0 %, 0 %, 6 MiB, 49140 MiB, 33, 20.49 W
2026/03/29 12:52:58.492, 0, 100 %, 3 %, 28475 MiB, 49140 MiB, 64, 190.99 W
2026/03/29 12:52:58.492, 1, 0 %, 0 %, 6 MiB, 49140 MiB, 34, 16.53 W
2026/03/29 12:52:58.492, 2, 0 %, 0 %, 4 MiB, 49140 MiB, 33, 17.30 W
2026/03/29 12:52:58.492, 3, 0 %, 0 %, 6 MiB, 49140 MiB, 33, 20.58 W
2026/03/29 12:53:28.493, 0, 100 %, 3 %, 28475 MiB, 49140 MiB, 67, 154.93 W
2026/03/29 12:53:28.493, 1, 0 %, 0 %, 6 MiB, 49140 MiB, 34, 16.96 W
2026/03/29 12:53:28.493, 2, 0 %, 0 %, 4 MiB, 49140 MiB, 33, 17.84 W
2026/03/29 12:53:28.493, 3, 0 %, 0 %, 6 MiB, 49140 MiB, 33, 20.73 W
2026/03/29 12:53:58.494, 0, 100 %, 5 %, 28475 MiB, 49140 MiB, 64, 155.91 W
2026/03/29 12:53:58.494, 1, 0 %, 0 %, 6 MiB, 49140 MiB, 34, 16.90 W
2026/03/29 12:53:58.494, 2, 0 %, 0 %, 4 MiB, 49140 MiB, 33, 17.40 W
2026/03/29 12:53:58.494, 3, 0 %, 0 %, 6 MiB, 49140 MiB, 32, 20.47 W
2026/03/29 12:54:28.495, 0, 100 %, 5 %, 28475 MiB, 49140 MiB, 65, 156.32 W
2026/03/29 12:54:28.495, 1, 0 %, 0 %, 6 MiB, 49140 MiB, 34, 16.74 W
2026/03/29 12:54:28.495, 2, 0 %, 0 %, 4 MiB, 49140 MiB, 33, 17.41 W
2026/03/29 12:54:28.495, 3, 0 %, 0 %, 6 MiB, 49140 MiB, 33, 20.65 W
2026/03/29 12:54:58.496, 0, 100 %, 5 %, 28475 MiB, 49140 MiB, 65, 156.18 W
2026/03/29 12:54:58.496, 1, 0 %, 0 %, 6 MiB, 49140 MiB, 34, 16.62 W
2026/03/29 12:54:58.496, 2, 0 %, 0 %, 4 MiB, 49140 MiB, 33, 17.29 W
2026/03/29 12:54:58.496, 3, 0 %, 0 %, 6 MiB, 49140 MiB, 32, 20.66 W
2026/03/29 12:55:28.497, 0, 100 %, 5 %, 28475 MiB, 49140 MiB, 65, 153.98 W
2026/03/29 12:55:28.497, 1, 0 %, 0 %, 6 MiB, 49140 MiB, 34, 16.59 W
2026/03/29 12:55:28.497, 2, 0 %, 0 %, 4 MiB, 49140 MiB, 33, 17.38 W
2026/03/29 12:55:28.498, 3, 0 %, 0 %, 6 MiB, 49140 MiB, 32, 20.69 W
2026/03/29 12:55:58.498, 0, 100 %, 4 %, 28475 MiB, 49140 MiB, 65, 156.66 W
2026/03/29 12:55:58.498, 1, 0 %, 0 %, 6 MiB, 49140 MiB, 34, 16.81 W
2026/03/29 12:55:58.499, 2, 0 %, 0 %, 4 MiB, 49140 MiB, 33, 17.41 W
2026/03/29 12:55:58.499, 3, 0 %, 0 %, 6 MiB, 49140 MiB, 32, 20.41 W
2026/03/29 12:56:28.499, 0, 0 %, 0 %, 1262 MiB, 49140 MiB, 61, 86.65 W
2026/03/29 12:56:28.500, 1, 0 %, 0 %, 6 MiB, 49140 MiB, 34, 16.90 W
2026/03/29 12:56:28.500, 2, 0 %, 0 %, 4 MiB, 49140 MiB, 33, 17.51 W
2026/03/29 12:56:28.500, 3, 0 %, 0 %, 6 MiB, 49140 MiB, 32, 20.30 W
2026/03/29 12:56:58.500, 0, 0 %, 0 %, 1792 MiB, 49140 MiB, 57, 84.21 W
2026/03/29 12:56:58.500, 1, 0 %, 0 %, 6 MiB, 49140 MiB, 34, 17.43 W
2026/03/29 12:56:58.500, 2, 0 %, 0 %, 4 MiB, 49140 MiB, 33, 17.69 W
2026/03/29 12:56:58.501, 3, 0 %, 0 %, 6 MiB, 49140 MiB, 32, 20.23 W
2026/03/29 12:57:28.502, 0, 0 %, 0 %, 1792 MiB, 49140 MiB, 54, 82.84 W
2026/03/29 12:57:28.502, 1, 0 %, 0 %, 6 MiB, 49140 MiB, 34, 17.18 W
2026/03/29 12:57:28.502, 2, 0 %, 0 %, 4 MiB, 49140 MiB, 33, 17.87 W
2026/03/29 12:57:28.502, 3, 0 %, 0 %, 6 MiB, 49140 MiB, 33, 20.16 W
2026/03/29 12:57:58.502, 0, 0 %, 0 %, 1792 MiB, 49140 MiB, 53, 81.47 W
2026/03/29 12:57:58.502, 1, 0 %, 0 %, 6 MiB, 49140 MiB, 34, 16.49 W
2026/03/29 12:57:58.502, 2, 0 %, 0 %, 4 MiB, 49140 MiB, 33, 17.80 W
2026/03/29 12:57:58.503, 3, 0 %, 0 %, 6 MiB, 49140 MiB, 33, 20.35 W
2026/03/29 12:58:28.503, 0, 100 %, 4 %, 48534 MiB, 49140 MiB, 58, 152.20 W
2026/03/29 12:58:28.503, 1, 0 %, 0 %, 6 MiB, 49140 MiB, 34, 16.62 W
2026/03/29 12:58:28.503, 2, 0 %, 0 %, 4 MiB, 49140 MiB, 33, 17.33 W
2026/03/29 12:58:28.503, 3, 0 %, 0 %, 6 MiB, 49140 MiB, 33, 20.53 W
2026/03/29 12:58:58.504, 0, 100 %, 4 %, 48534 MiB, 49140 MiB, 62, 205.49 W
2026/03/29 12:58:58.504, 1, 0 %, 0 %, 6 MiB, 49140 MiB, 34, 16.68 W
2026/03/29 12:58:58.504, 2, 0 %, 0 %, 4 MiB, 49140 MiB, 34, 17.78 W
2026/03/29 12:58:58.504, 3, 0 %, 0 %, 6 MiB, 49140 MiB, 33, 20.49 W
2026/03/29 12:59:28.505, 0, 100 %, 35 %, 48534 MiB, 49140 MiB, 66, 221.68 W
2026/03/29 12:59:28.505, 1, 0 %, 0 %, 6 MiB, 49140 MiB, 34, 16.99 W
2026/03/29 12:59:28.505, 2, 0 %, 0 %, 4 MiB, 49140 MiB, 33, 17.48 W
2026/03/29 12:59:28.505, 3, 0 %, 0 %, 6 MiB, 49140 MiB, 33, 20.68 W
2026/03/29 12:59:58.506, 0, 100 %, 2 %, 48534 MiB, 49140 MiB, 64, 186.77 W
2026/03/29 12:59:58.507, 1, 0 %, 0 %, 6 MiB, 49140 MiB, 34, 16.97 W
2026/03/29 12:59:58.507, 2, 0 %, 0 %, 4 MiB, 49140 MiB, 33, 17.48 W
2026/03/29 12:59:58.507, 3, 0 %, 0 %, 6 MiB, 49140 MiB, 33, 20.50 W
2026/03/29 13:00:28.507, 0, 100 %, 3 %, 48534 MiB, 49140 MiB, 64, 160.69 W
2026/03/29 13:00:28.508, 1, 0 %, 0 %, 6 MiB, 49140 MiB, 34, 16.76 W
2026/03/29 13:00:28.508, 2, 0 %, 0 %, 4 MiB, 49140 MiB, 33, 17.63 W
2026/03/29 13:00:28.508, 3, 0 %, 0 %, 6 MiB, 49140 MiB, 33, 20.51 W
2026/03/29 13:00:58.509, 0, 100 %, 2 %, 48534 MiB, 49140 MiB, 65, 161.57 W
2026/03/29 13:00:58.509, 1, 0 %, 0 %, 6 MiB, 49140 MiB, 34, 17.11 W
2026/03/29 13:00:58.509, 2, 0 %, 0 %, 4 MiB, 49140 MiB, 33, 17.40 W
2026/03/29 13:00:58.509, 3, 0 %, 0 %, 6 MiB, 49140 MiB, 33, 20.48 W
2026/03/29 13:01:28.510, 0, 0 %, 0 %, 48534 MiB, 49140 MiB, 67, 200.02 W
2026/03/29 13:01:28.510, 1, 0 %, 0 %, 6 MiB, 49140 MiB, 34, 16.97 W
2026/03/29 13:01:28.510, 2, 0 %, 0 %, 4 MiB, 49140 MiB, 33, 17.66 W
2026/03/29 13:01:28.511, 3, 0 %, 0 %, 6 MiB, 49140 MiB, 33, 20.69 W
2026/03/29 13:01:58.511, 0, 100 %, 84 %, 48534 MiB, 49140 MiB, 66, 198.32 W
2026/03/29 13:01:58.511, 1, 0 %, 0 %, 6 MiB, 49140 MiB, 34, 16.79 W
2026/03/29 13:01:58.512, 2, 0 %, 0 %, 4 MiB, 49140 MiB, 33, 17.21 W
2026/03/29 13:01:58.512, 3, 0 %, 0 %, 6 MiB, 49140 MiB, 33, 20.63 W
2026/03/29 13:02:28.512, 0, 100 %, 4 %, 48534 MiB, 49140 MiB, 64, 194.50 W
2026/03/29 13:02:28.513, 1, 0 %, 0 %, 6 MiB, 49140 MiB, 34, 16.75 W
2026/03/29 13:02:28.513, 2, 0 %, 0 %, 4 MiB, 49140 MiB, 33, 17.56 W
2026/03/29 13:02:28.513, 3, 0 %, 0 %, 6 MiB, 49140 MiB, 33, 20.57 W
2026/03/29 13:02:58.514, 0, 100 %, 7 %, 48534 MiB, 49140 MiB, 64, 154.78 W
2026/03/29 13:02:58.514, 1, 0 %, 0 %, 6 MiB, 49140 MiB, 34, 16.71 W
2026/03/29 13:02:58.514, 2, 0 %, 0 %, 4 MiB, 49140 MiB, 33, 17.60 W
2026/03/29 13:02:58.514, 3, 0 %, 0 %, 6 MiB, 49140 MiB, 33, 20.51 W
2026/03/29 13:03:28.515, 0, 100 %, 4 %, 48534 MiB, 49140 MiB, 65, 155.79 W
2026/03/29 13:03:28.515, 1, 0 %, 0 %, 6 MiB, 49140 MiB, 34, 17.02 W
2026/03/29 13:03:28.516, 2, 0 %, 0 %, 4 MiB, 49140 MiB, 33, 17.91 W
2026/03/29 13:03:28.516, 3, 0 %, 0 %, 6 MiB, 49140 MiB, 32, 20.64 W
2026/03/29 13:03:58.517, 0, 100 %, 5 %, 48534 MiB, 49140 MiB, 65, 156.58 W
2026/03/29 13:03:58.517, 1, 0 %, 0 %, 6 MiB, 49140 MiB, 34, 16.69 W
2026/03/29 13:03:58.517, 2, 0 %, 0 %, 4 MiB, 49140 MiB, 33, 17.33 W
2026/03/29 13:03:58.517, 3, 0 %, 0 %, 6 MiB, 49140 MiB, 32, 20.58 W
2026/03/29 13:04:28.517, 0, 0 %, 0 %, 2058 MiB, 49140 MiB, 58, 84.94 W
2026/03/29 13:04:28.518, 1, 0 %, 0 %, 6 MiB, 49140 MiB, 34, 16.73 W
2026/03/29 13:04:28.518, 2, 0 %, 0 %, 4 MiB, 49140 MiB, 33, 17.41 W
2026/03/29 13:04:28.518, 3, 0 %, 0 %, 6 MiB, 49140 MiB, 33, 20.70 W
2026/03/29 13:04:58.519, 0, 0 %, 0 %, 2058 MiB, 49140 MiB, 55, 83.50 W
2026/03/29 13:04:58.519, 1, 0 %, 0 %, 6 MiB, 49140 MiB, 34, 17.01 W
2026/03/29 13:04:58.519, 2, 0 %, 0 %, 4 MiB, 49140 MiB, 33, 17.57 W
2026/03/29 13:04:58.519, 3, 0 %, 0 %, 6 MiB, 49140 MiB, 33, 20.70 W
2026/03/29 13:05:28.520, 0, 0 %, 0 %, 2058 MiB, 49140 MiB, 53, 82.11 W
2026/03/29 13:05:28.520, 1, 0 %, 0 %, 6 MiB, 49140 MiB, 34, 17.05 W
2026/03/29 13:05:28.520, 2, 0 %, 0 %, 4 MiB, 49140 MiB, 33, 17.39 W
2026/03/29 13:05:28.520, 3, 0 %, 0 %, 6 MiB, 49140 MiB, 33, 20.65 W
2026/03/29 13:05:58.521, 0, 0 %, 0 %, 2058 MiB, 49140 MiB, 52, 81.47 W
2026/03/29 13:05:58.522, 1, 0 %, 0 %, 6 MiB, 49140 MiB, 34, 16.92 W
2026/03/29 13:05:58.522, 2, 0 %, 0 %, 4 MiB, 49140 MiB, 33, 17.73 W
2026/03/29 13:05:58.522, 3, 0 %, 0 %, 6 MiB, 49140 MiB, 33, 20.67 W
2026/03/29 13:06:28.523, 0, 100 %, 4 %, 29006 MiB, 49140 MiB, 60, 154.42 W
2026/03/29 13:06:28.523, 1, 0 %, 0 %, 6 MiB, 49140 MiB, 34, 17.11 W
2026/03/29 13:06:28.523, 2, 0 %, 0 %, 4 MiB, 49140 MiB, 34, 17.89 W
2026/03/29 13:06:28.523, 3, 0 %, 0 %, 6 MiB, 49140 MiB, 33, 20.60 W
2026/03/29 13:06:58.524, 0, 100 %, 48 %, 48542 MiB, 49140 MiB, 65, 220.65 W
2026/03/29 13:06:58.525, 1, 0 %, 0 %, 6 MiB, 49140 MiB, 34, 17.09 W
2026/03/29 13:06:58.525, 2, 0 %, 0 %, 4 MiB, 49140 MiB, 34, 17.60 W
2026/03/29 13:06:58.525, 3, 0 %, 0 %, 6 MiB, 49140 MiB, 33, 20.80 W
2026/03/29 13:07:28.526, 0, 100 %, 2 %, 48542 MiB, 49140 MiB, 64, 190.24 W
2026/03/29 13:07:28.526, 1, 0 %, 0 %, 6 MiB, 49140 MiB, 34, 16.57 W
2026/03/29 13:07:28.526, 2, 0 %, 0 %, 4 MiB, 49140 MiB, 34, 17.35 W
2026/03/29 13:07:28.526, 3, 0 %, 0 %, 6 MiB, 49140 MiB, 33, 20.61 W
2026/03/29 13:07:58.527, 0, 100 %, 2 %, 48542 MiB, 49140 MiB, 64, 170.14 W
2026/03/29 13:07:58.527, 1, 0 %, 0 %, 6 MiB, 49140 MiB, 34, 16.67 W
2026/03/29 13:07:58.527, 2, 0 %, 0 %, 4 MiB, 49140 MiB, 34, 17.08 W
2026/03/29 13:07:58.527, 3, 0 %, 0 %, 6 MiB, 49140 MiB, 33, 20.79 W
2026/03/29 13:08:28.528, 0, 100 %, 3 %, 48542 MiB, 49140 MiB, 65, 184.28 W
2026/03/29 13:08:28.528, 1, 0 %, 0 %, 6 MiB, 49140 MiB, 34, 17.20 W
2026/03/29 13:08:28.528, 2, 0 %, 0 %, 4 MiB, 49140 MiB, 33, 17.51 W
2026/03/29 13:08:28.528, 3, 0 %, 0 %, 6 MiB, 49140 MiB, 33, 20.71 W
2026/03/29 13:08:58.529, 0, 0 %, 0 %, 48542 MiB, 49140 MiB, 65, 200.27 W
2026/03/29 13:08:58.529, 1, 0 %, 0 %, 6 MiB, 49140 MiB, 34, 17.24 W
2026/03/29 13:08:58.529, 2, 0 %, 0 %, 4 MiB, 49140 MiB, 33, 17.48 W
2026/03/29 13:08:58.529, 3, 0 %, 0 %, 6 MiB, 49140 MiB, 33, 20.92 W
2026/03/29 13:09:28.530, 0, 100 %, 2 %, 48542 MiB, 49140 MiB, 67, 185.52 W
2026/03/29 13:09:28.530, 1, 0 %, 0 %, 6 MiB, 49140 MiB, 34, 16.48 W
2026/03/29 13:09:28.530, 2, 0 %, 0 %, 4 MiB, 49140 MiB, 33, 17.51 W
2026/03/29 13:09:28.530, 3, 0 %, 0 %, 6 MiB, 49140 MiB, 33, 20.89 W
2026/03/29 13:09:58.530, 0, 100 %, 7 %, 48542 MiB, 49140 MiB, 65, 164.25 W
2026/03/29 13:09:58.531, 1, 0 %, 0 %, 6 MiB, 49140 MiB, 34, 16.36 W
2026/03/29 13:09:58.531, 2, 0 %, 0 %, 4 MiB, 49140 MiB, 33, 17.37 W
2026/03/29 13:09:58.531, 3, 0 %, 0 %, 6 MiB, 49140 MiB, 33, 20.90 W
2026/03/29 13:10:28.532, 0, 100 %, 4 %, 48542 MiB, 49140 MiB, 65, 155.39 W
2026/03/29 13:10:28.532, 1, 0 %, 0 %, 6 MiB, 49140 MiB, 34, 16.91 W
2026/03/29 13:10:28.532, 2, 0 %, 0 %, 4 MiB, 49140 MiB, 33, 17.90 W
2026/03/29 13:10:28.532, 3, 0 %, 0 %, 6 MiB, 49140 MiB, 33, 20.81 W
2026/03/29 13:10:58.533, 0, 100 %, 5 %, 48542 MiB, 49140 MiB, 65, 156.27 W
2026/03/29 13:10:58.533, 1, 0 %, 0 %, 6 MiB, 49140 MiB, 34, 16.78 W
2026/03/29 13:10:58.533, 2, 0 %, 0 %, 4 MiB, 49140 MiB, 33, 17.64 W
2026/03/29 13:10:58.533, 3, 0 %, 0 %, 6 MiB, 49140 MiB, 33, 20.87 W
2026/03/29 13:11:28.534, 0, 100 %, 5 %, 48542 MiB, 49140 MiB, 65, 156.21 W
2026/03/29 13:11:28.534, 1, 0 %, 0 %, 6 MiB, 49140 MiB, 34, 16.75 W
2026/03/29 13:11:28.534, 2, 0 %, 0 %, 4 MiB, 49140 MiB, 33, 17.54 W
2026/03/29 13:11:28.535, 3, 0 %, 0 %, 6 MiB, 49140 MiB, 33, 20.82 W
2026/03/29 13:11:58.535, 0, 0 %, 0 %, 1262 MiB, 49140 MiB, 61, 86.62 W
2026/03/29 13:11:58.536, 1, 0 %, 0 %, 6 MiB, 49140 MiB, 34, 16.70 W
2026/03/29 13:11:58.536, 2, 0 %, 0 %, 4 MiB, 49140 MiB, 33, 17.61 W
2026/03/29 13:11:58.536, 3, 0 %, 0 %, 6 MiB, 49140 MiB, 32, 20.83 W
2026/03/29 13:12:28.537, 0, 0 %, 0 %, 2323 MiB, 49140 MiB, 57, 84.57 W
2026/03/29 13:12:28.537, 1, 0 %, 0 %, 6 MiB, 49140 MiB, 34, 16.61 W
2026/03/29 13:12:28.537, 2, 0 %, 0 %, 4 MiB, 49140 MiB, 33, 17.58 W
2026/03/29 13:12:28.537, 3, 0 %, 0 %, 6 MiB, 49140 MiB, 33, 20.78 W
2026/03/29 13:12:58.538, 0, 0 %, 0 %, 2323 MiB, 49140 MiB, 55, 83.00 W
2026/03/29 13:12:58.538, 1, 0 %, 0 %, 6 MiB, 49140 MiB, 34, 16.78 W
2026/03/29 13:12:58.539, 2, 0 %, 0 %, 4 MiB, 49140 MiB, 33, 17.45 W
2026/03/29 13:12:58.539, 3, 0 %, 0 %, 6 MiB, 49140 MiB, 33, 20.56 W
2026/03/29 13:13:28.540, 0, 0 %, 0 %, 2323 MiB, 49140 MiB, 53, 82.09 W
2026/03/29 13:13:28.540, 1, 0 %, 0 %, 6 MiB, 49140 MiB, 34, 16.81 W
2026/03/29 13:13:28.540, 2, 0 %, 0 %, 4 MiB, 49140 MiB, 33, 17.60 W
2026/03/29 13:13:28.540, 3, 0 %, 0 %, 6 MiB, 49140 MiB, 33, 20.76 W
2026/03/29 13:13:58.541, 0, 0 %, 0 %, 2323 MiB, 49140 MiB, 52, 81.41 W
2026/03/29 13:13:58.541, 1, 0 %, 0 %, 6 MiB, 49140 MiB, 34, 17.02 W
2026/03/29 13:13:58.541, 2, 0 %, 0 %, 4 MiB, 49140 MiB, 34, 17.64 W
2026/03/29 13:13:58.541, 3, 0 %, 0 %, 6 MiB, 49140 MiB, 33, 20.66 W
2026/03/29 13:14:28.542, 0, 0 %, 0 %, 2323 MiB, 49140 MiB, 50, 80.71 W
2026/03/29 13:14:28.542, 1, 0 %, 0 %, 6 MiB, 49140 MiB, 35, 16.74 W
2026/03/29 13:14:28.543, 2, 0 %, 0 %, 4 MiB, 49140 MiB, 34, 16.86 W
2026/03/29 13:14:28.543, 3, 0 %, 0 %, 6 MiB, 49140 MiB, 33, 20.72 W
2026/03/29 13:14:58.543, 0, 0 %, 0 %, 2323 MiB, 49140 MiB, 50, 81.50 W
2026/03/29 13:14:58.544, 1, 0 %, 0 %, 6 MiB, 49140 MiB, 35, 16.86 W
2026/03/29 13:14:58.544, 2, 0 %, 0 %, 4 MiB, 49140 MiB, 34, 17.43 W
2026/03/29 13:14:58.544, 3, 0 %, 0 %, 6 MiB, 49140 MiB, 33, 20.76 W
2026/03/29 13:15:28.545, 0, 0 %, 0 %, 2323 MiB, 49140 MiB, 49, 81.21 W
2026/03/29 13:15:28.545, 1, 0 %, 0 %, 6 MiB, 49140 MiB, 35, 17.36 W
2026/03/29 13:15:28.545, 2, 0 %, 0 %, 4 MiB, 49140 MiB, 34, 17.63 W
2026/03/29 13:15:28.545, 3, 0 %, 0 %, 6 MiB, 49140 MiB, 33, 20.64 W
2026/03/29 13:15:58.546, 0, 100 %, 3 %, 48039 MiB, 49140 MiB, 55, 143.45 W
2026/03/29 13:15:58.547, 1, 0 %, 0 %, 6 MiB, 49140 MiB, 35, 16.89 W
2026/03/29 13:15:58.547, 2, 0 %, 0 %, 4 MiB, 49140 MiB, 34, 17.64 W
2026/03/29 13:15:58.547, 3, 0 %, 0 %, 6 MiB, 49140 MiB, 33, 20.51 W
2026/03/29 13:16:28.548, 0, 100 %, 2 %, 48489 MiB, 49140 MiB, 60, 143.07 W
2026/03/29 13:16:28.548, 1, 0 %, 0 %, 6 MiB, 49140 MiB, 35, 16.76 W
2026/03/29 13:16:28.548, 2, 0 %, 0 %, 4 MiB, 49140 MiB, 34, 17.23 W
2026/03/29 13:16:28.548, 3, 0 %, 0 %, 6 MiB, 49140 MiB, 33, 20.60 W
2026/03/29 13:16:58.549, 0, 100 %, 4 %, 48489 MiB, 49140 MiB, 62, 153.05 W
2026/03/29 13:16:58.549, 1, 0 %, 0 %, 6 MiB, 49140 MiB, 35, 17.17 W
2026/03/29 13:16:58.549, 2, 0 %, 0 %, 4 MiB, 49140 MiB, 34, 17.64 W
2026/03/29 13:16:58.549, 3, 0 %, 0 %, 6 MiB, 49140 MiB, 33, 20.79 W
2026/03/29 13:17:28.550, 0, 100 %, 2 %, 48489 MiB, 49140 MiB, 64, 156.85 W
2026/03/29 13:17:28.550, 1, 0 %, 0 %, 6 MiB, 49140 MiB, 34, 16.95 W
2026/03/29 13:17:28.551, 2, 0 %, 0 %, 4 MiB, 49140 MiB, 34, 17.00 W
2026/03/29 13:17:28.551, 3, 0 %, 0 %, 6 MiB, 49140 MiB, 33, 20.58 W
2026/03/29 13:17:58.551, 0, 100 %, 4 %, 48489 MiB, 49140 MiB, 65, 161.62 W
2026/03/29 13:17:58.552, 1, 0 %, 0 %, 6 MiB, 49140 MiB, 34, 16.94 W
2026/03/29 13:17:58.552, 2, 0 %, 0 %, 4 MiB, 49140 MiB, 34, 17.27 W
2026/03/29 13:17:58.552, 3, 0 %, 0 %, 6 MiB, 49140 MiB, 33, 20.60 W
2026/03/29 13:18:28.553, 0, 100 %, 4 %, 48489 MiB, 49140 MiB, 65, 173.42 W
2026/03/29 13:18:28.553, 1, 0 %, 0 %, 6 MiB, 49140 MiB, 34, 16.98 W
2026/03/29 13:18:28.553, 2, 0 %, 0 %, 4 MiB, 49140 MiB, 34, 17.42 W
2026/03/29 13:18:28.553, 3, 0 %, 0 %, 6 MiB, 49140 MiB, 33, 20.58 W
2026/03/29 13:18:58.554, 0, 100 %, 4 %, 48489 MiB, 49140 MiB, 65, 224.51 W
2026/03/29 13:18:58.554, 1, 0 %, 0 %, 6 MiB, 49140 MiB, 34, 16.75 W
2026/03/29 13:18:58.554, 2, 0 %, 0 %, 4 MiB, 49140 MiB, 33, 17.76 W
2026/03/29 13:18:58.554, 3, 0 %, 0 %, 6 MiB, 49140 MiB, 33, 20.67 W
2026/03/29 13:19:28.555, 0, 100 %, 32 %, 48489 MiB, 49140 MiB, 66, 225.35 W
2026/03/29 13:19:28.556, 1, 0 %, 0 %, 6 MiB, 49140 MiB, 34, 16.89 W
2026/03/29 13:19:28.556, 2, 0 %, 0 %, 4 MiB, 49140 MiB, 33, 17.49 W
2026/03/29 13:19:28.556, 3, 0 %, 0 %, 6 MiB, 49140 MiB, 33, 20.58 W
2026/03/29 13:19:58.557, 0, 99 %, 6 %, 48489 MiB, 49140 MiB, 67, 211.59 W
2026/03/29 13:19:58.557, 1, 0 %, 0 %, 6 MiB, 49140 MiB, 34, 16.68 W
2026/03/29 13:19:58.557, 2, 0 %, 0 %, 4 MiB, 49140 MiB, 33, 17.36 W
2026/03/29 13:19:58.557, 3, 0 %, 0 %, 6 MiB, 49140 MiB, 33, 20.43 W
2026/03/29 13:20:28.558, 0, 100 %, 3 %, 48489 MiB, 49140 MiB, 65, 159.25 W
2026/03/29 13:20:28.558, 1, 0 %, 0 %, 6 MiB, 49140 MiB, 34, 17.06 W
2026/03/29 13:20:28.558, 2, 0 %, 0 %, 4 MiB, 49140 MiB, 33, 17.72 W
2026/03/29 13:20:28.558, 3, 0 %, 0 %, 6 MiB, 49140 MiB, 33, 20.52 W
2026/03/29 13:20:58.559, 0, 100 %, 2 %, 48489 MiB, 49140 MiB, 65, 172.00 W
2026/03/29 13:20:58.559, 1, 0 %, 0 %, 6 MiB, 49140 MiB, 34, 16.73 W
2026/03/29 13:20:58.560, 2, 0 %, 0 %, 4 MiB, 49140 MiB, 33, 17.79 W
2026/03/29 13:20:58.560, 3, 0 %, 0 %, 6 MiB, 49140 MiB, 33, 20.50 W
2026/03/29 13:21:28.560, 0, 100 %, 2 %, 48489 MiB, 49140 MiB, 65, 175.52 W
2026/03/29 13:21:28.560, 1, 0 %, 0 %, 6 MiB, 49140 MiB, 34, 16.97 W
2026/03/29 13:21:28.560, 2, 0 %, 0 %, 4 MiB, 49140 MiB, 33, 17.69 W
2026/03/29 13:21:28.561, 3, 0 %, 0 %, 6 MiB, 49140 MiB, 33, 20.38 W
2026/03/29 13:21:58.562, 0, 0 %, 0 %, 1527 MiB, 49140 MiB, 58, 84.83 W
2026/03/29 13:21:58.562, 1, 0 %, 0 %, 6 MiB, 49140 MiB, 34, 16.82 W
2026/03/29 13:21:58.562, 2, 0 %, 0 %, 4 MiB, 49140 MiB, 33, 17.93 W
2026/03/29 13:21:58.562, 3, 0 %, 0 %, 6 MiB, 49140 MiB, 33, 20.40 W
2026/03/29 13:22:28.563, 0, 0 %, 0 %, 1527 MiB, 49140 MiB, 55, 83.75 W
2026/03/29 13:22:28.564, 1, 0 %, 0 %, 6 MiB, 49140 MiB, 34, 17.14 W
2026/03/29 13:22:28.564, 2, 0 %, 0 %, 4 MiB, 49140 MiB, 33, 18.12 W
2026/03/29 13:22:28.564, 3, 0 %, 0 %, 6 MiB, 49140 MiB, 33, 20.30 W
2026/03/29 13:22:58.565, 0, 100 %, 3 %, 38033 MiB, 49140 MiB, 58, 147.32 W
2026/03/29 13:22:58.565, 1, 0 %, 0 %, 6 MiB, 49140 MiB, 34, 17.20 W
2026/03/29 13:22:58.565, 2, 0 %, 0 %, 4 MiB, 49140 MiB, 33, 17.99 W
2026/03/29 13:22:58.566, 3, 0 %, 0 %, 6 MiB, 49140 MiB, 33, 20.52 W
2026/03/29 13:23:28.567, 0, 100 %, 2 %, 41107 MiB, 49140 MiB, 61, 145.39 W
2026/03/29 13:23:28.567, 1, 0 %, 0 %, 6 MiB, 49140 MiB, 34, 17.32 W
2026/03/29 13:23:28.567, 2, 0 %, 0 %, 4 MiB, 49140 MiB, 33, 17.66 W
2026/03/29 13:23:28.567, 3, 0 %, 0 %, 6 MiB, 49140 MiB, 33, 20.59 W
2026/03/29 13:23:58.568, 0, 100 %, 2 %, 41107 MiB, 49140 MiB, 63, 150.56 W
2026/03/29 13:23:58.569, 1, 0 %, 0 %, 6 MiB, 49140 MiB, 34, 17.57 W
2026/03/29 13:23:58.569, 2, 0 %, 0 %, 4 MiB, 49140 MiB, 33, 17.52 W
2026/03/29 13:23:58.569, 3, 0 %, 0 %, 6 MiB, 49140 MiB, 33, 20.63 W
2026/03/29 13:24:28.570, 0, 100 %, 2 %, 41107 MiB, 49140 MiB, 64, 149.27 W
2026/03/29 13:24:28.570, 1, 0 %, 0 %, 6 MiB, 49140 MiB, 34, 17.43 W
2026/03/29 13:24:28.570, 2, 0 %, 0 %, 4 MiB, 49140 MiB, 33, 17.69 W
2026/03/29 13:24:28.570, 3, 0 %, 0 %, 6 MiB, 49140 MiB, 33, 20.75 W
2026/03/29 13:24:58.571, 0, 100 %, 3 %, 41107 MiB, 49140 MiB, 64, 197.32 W
2026/03/29 13:24:58.572, 1, 0 %, 0 %, 6 MiB, 49140 MiB, 34, 16.96 W
2026/03/29 13:24:58.572, 2, 0 %, 0 %, 4 MiB, 49140 MiB, 33, 18.07 W
2026/03/29 13:24:58.572, 3, 0 %, 0 %, 6 MiB, 49140 MiB, 33, 20.69 W
2026/03/29 13:25:28.573, 0, 100 %, 51 %, 41107 MiB, 49140 MiB, 67, 254.85 W
2026/03/29 13:25:28.573, 1, 0 %, 0 %, 6 MiB, 49140 MiB, 34, 16.79 W
2026/03/29 13:25:28.573, 2, 0 %, 0 %, 4 MiB, 49140 MiB, 33, 17.66 W
2026/03/29 13:25:28.574, 3, 0 %, 0 %, 6 MiB, 49140 MiB, 33, 20.67 W
2026/03/29 13:25:58.574, 0, 100 %, 2 %, 41107 MiB, 49140 MiB, 64, 148.58 W
2026/03/29 13:25:58.574, 1, 0 %, 0 %, 6 MiB, 49140 MiB, 34, 16.70 W
2026/03/29 13:25:58.574, 2, 0 %, 0 %, 4 MiB, 49140 MiB, 33, 17.41 W
2026/03/29 13:25:58.575, 3, 0 %, 0 %, 6 MiB, 49140 MiB, 33, 20.65 W
2026/03/29 13:26:28.575, 0, 0 %, 0 %, 41107 MiB, 49140 MiB, 63, 208.35 W
2026/03/29 13:26:28.576, 1, 0 %, 0 %, 6 MiB, 49140 MiB, 34, 16.81 W
2026/03/29 13:26:28.576, 2, 0 %, 0 %, 4 MiB, 49140 MiB, 33, 17.67 W
2026/03/29 13:26:28.576, 3, 0 %, 0 %, 6 MiB, 49140 MiB, 32, 20.65 W
2026/03/29 13:26:58.577, 0, 100 %, 4 %, 41107 MiB, 49140 MiB, 65, 185.37 W
2026/03/29 13:26:58.577, 1, 0 %, 0 %, 6 MiB, 49140 MiB, 34, 16.94 W
2026/03/29 13:26:58.577, 2, 0 %, 0 %, 4 MiB, 49140 MiB, 33, 17.72 W
2026/03/29 13:26:58.577, 3, 0 %, 0 %, 6 MiB, 49140 MiB, 32, 20.57 W
2026/03/29 13:27:28.579, 0, 100 %, 2 %, 41107 MiB, 49140 MiB, 64, 149.29 W
2026/03/29 13:27:28.579, 1, 0 %, 0 %, 6 MiB, 49140 MiB, 34, 16.73 W
2026/03/29 13:27:28.579, 2, 0 %, 0 %, 4 MiB, 49140 MiB, 33, 17.43 W
2026/03/29 13:27:28.579, 3, 0 %, 0 %, 6 MiB, 49140 MiB, 32, 20.56 W
2026/03/29 13:27:58.579, 0, 100 %, 3 %, 41107 MiB, 49140 MiB, 64, 178.90 W
2026/03/29 13:27:58.580, 1, 0 %, 0 %, 6 MiB, 49140 MiB, 33, 16.68 W
2026/03/29 13:27:58.580, 2, 0 %, 0 %, 4 MiB, 49140 MiB, 32, 17.76 W
2026/03/29 13:27:58.580, 3, 0 %, 0 %, 6 MiB, 49140 MiB, 32, 20.62 W
2026/03/29 13:28:28.581, 0, 100 %, 3 %, 41107 MiB, 49140 MiB, 64, 155.08 W
2026/03/29 13:28:28.582, 1, 0 %, 0 %, 6 MiB, 49140 MiB, 33, 17.18 W
2026/03/29 13:28:28.582, 2, 0 %, 0 %, 4 MiB, 49140 MiB, 32, 17.98 W
2026/03/29 13:28:28.582, 3, 0 %, 0 %, 6 MiB, 49140 MiB, 32, 20.60 W
2026/03/29 13:28:58.582, 0, 0 %, 0 %, 1792 MiB, 49140 MiB, 58, 84.58 W
2026/03/29 13:28:58.583, 1, 0 %, 0 %, 6 MiB, 49140 MiB, 33, 17.44 W
2026/03/29 13:28:58.583, 2, 0 %, 0 %, 4 MiB, 49140 MiB, 32, 18.08 W
2026/03/29 13:28:58.583, 3, 0 %, 0 %, 6 MiB, 49140 MiB, 32, 20.60 W
2026/03/29 13:29:28.584, 0, 0 %, 0 %, 1792 MiB, 49140 MiB, 55, 83.18 W
2026/03/29 13:29:28.584, 1, 0 %, 0 %, 6 MiB, 49140 MiB, 34, 16.71 W
2026/03/29 13:29:28.584, 2, 0 %, 0 %, 4 MiB, 49140 MiB, 32, 18.00 W
2026/03/29 13:29:28.584, 3, 0 %, 0 %, 6 MiB, 49140 MiB, 32, 20.36 W
2026/03/29 13:29:58.585, 0, 1 %, 0 %, 1856 MiB, 49140 MiB, 53, 82.21 W
2026/03/29 13:29:58.585, 1, 0 %, 0 %, 6 MiB, 49140 MiB, 34, 17.09 W
2026/03/29 13:29:58.585, 2, 0 %, 0 %, 4 MiB, 49140 MiB, 33, 17.74 W
2026/03/29 13:29:58.586, 3, 0 %, 0 %, 6 MiB, 49140 MiB, 32, 20.47 W
2026/03/29 13:30:28.587, 0, 100 %, 2 %, 41692 MiB, 49140 MiB, 60, 147.63 W
2026/03/29 13:30:28.587, 1, 0 %, 0 %, 6 MiB, 49140 MiB, 34, 16.98 W
2026/03/29 13:30:28.587, 2, 0 %, 0 %, 4 MiB, 49140 MiB, 33, 17.81 W
2026/03/29 13:30:28.587, 3, 0 %, 0 %, 6 MiB, 49140 MiB, 32, 20.55 W
2026/03/29 13:30:58.588, 0, 100 %, 3 %, 47868 MiB, 49140 MiB, 63, 152.00 W
2026/03/29 13:30:58.588, 1, 0 %, 0 %, 6 MiB, 49140 MiB, 34, 17.46 W
2026/03/29 13:30:58.588, 2, 0 %, 0 %, 4 MiB, 49140 MiB, 33, 17.39 W
2026/03/29 13:30:58.588, 3, 0 %, 0 %, 6 MiB, 49140 MiB, 32, 20.85 W
2026/03/29 13:31:28.589, 0, 100 %, 2 %, 47868 MiB, 49140 MiB, 63, 148.63 W
2026/03/29 13:31:28.590, 1, 0 %, 0 %, 6 MiB, 49140 MiB, 34, 16.83 W
2026/03/29 13:31:28.590, 2, 0 %, 0 %, 4 MiB, 49140 MiB, 33, 17.92 W
2026/03/29 13:31:28.590, 3, 0 %, 0 %, 6 MiB, 49140 MiB, 32, 20.44 W
2026/03/29 13:31:58.591, 0, 100 %, 2 %, 47868 MiB, 49140 MiB, 64, 154.77 W
2026/03/29 13:31:58.591, 1, 0 %, 0 %, 6 MiB, 49140 MiB, 34, 16.66 W
2026/03/29 13:31:58.591, 2, 0 %, 0 %, 4 MiB, 49140 MiB, 33, 17.39 W
2026/03/29 13:31:58.591, 3, 0 %, 0 %, 6 MiB, 49140 MiB, 32, 20.61 W
2026/03/29 13:32:28.592, 0, 100 %, 2 %, 47868 MiB, 49140 MiB, 64, 150.11 W
2026/03/29 13:32:28.593, 1, 0 %, 0 %, 6 MiB, 49140 MiB, 34, 16.93 W
2026/03/29 13:32:28.593, 2, 0 %, 0 %, 4 MiB, 49140 MiB, 33, 17.39 W
2026/03/29 13:32:28.593, 3, 0 %, 0 %, 6 MiB, 49140 MiB, 32, 20.63 W
2026/03/29 13:32:58.593, 0, 100 %, 24 %, 47868 MiB, 49140 MiB, 67, 220.01 W
2026/03/29 13:32:58.594, 1, 0 %, 0 %, 6 MiB, 49140 MiB, 34, 16.93 W
2026/03/29 13:32:58.594, 2, 0 %, 0 %, 4 MiB, 49140 MiB, 33, 17.50 W
2026/03/29 13:32:58.594, 3, 0 %, 0 %, 6 MiB, 49140 MiB, 32, 20.56 W
2026/03/29 13:33:28.594, 0, 100 %, 46 %, 47868 MiB, 49140 MiB, 67, 258.49 W
2026/03/29 13:33:28.595, 1, 0 %, 0 %, 6 MiB, 49140 MiB, 33, 17.23 W
2026/03/29 13:33:28.595, 2, 0 %, 0 %, 4 MiB, 49140 MiB, 32, 17.47 W
2026/03/29 13:33:28.595, 3, 0 %, 0 %, 6 MiB, 49140 MiB, 32, 20.52 W
2026/03/29 13:33:58.596, 0, 100 %, 2 %, 47868 MiB, 49140 MiB, 64, 149.38 W
2026/03/29 13:33:58.596, 1, 0 %, 0 %, 6 MiB, 49140 MiB, 33, 17.12 W
2026/03/29 13:33:58.596, 2, 0 %, 0 %, 4 MiB, 49140 MiB, 32, 17.39 W
2026/03/29 13:33:58.597, 3, 0 %, 0 %, 6 MiB, 49140 MiB, 32, 20.71 W
2026/03/29 13:34:28.597, 0, 0 %, 0 %, 47868 MiB, 49140 MiB, 66, 191.34 W
2026/03/29 13:34:28.597, 1, 0 %, 0 %, 6 MiB, 49140 MiB, 33, 16.70 W
2026/03/29 13:34:28.598, 2, 0 %, 0 %, 4 MiB, 49140 MiB, 32, 17.39 W
2026/03/29 13:34:28.598, 3, 0 %, 0 %, 6 MiB, 49140 MiB, 32, 20.51 W
2026/03/29 13:34:58.598, 0, 100 %, 3 %, 47868 MiB, 49140 MiB, 65, 168.16 W
2026/03/29 13:34:58.598, 1, 0 %, 0 %, 6 MiB, 49140 MiB, 33, 16.63 W
2026/03/29 13:34:58.599, 2, 0 %, 0 %, 4 MiB, 49140 MiB, 32, 17.53 W
2026/03/29 13:34:58.599, 3, 0 %, 0 %, 6 MiB, 49140 MiB, 32, 20.67 W
2026/03/29 13:35:28.599, 0, 100 %, 2 %, 47868 MiB, 49140 MiB, 64, 150.81 W
2026/03/29 13:35:28.599, 1, 0 %, 0 %, 6 MiB, 49140 MiB, 33, 16.26 W
2026/03/29 13:35:28.600, 2, 0 %, 0 %, 4 MiB, 49140 MiB, 32, 17.34 W
2026/03/29 13:35:28.600, 3, 0 %, 0 %, 6 MiB, 49140 MiB, 32, 20.71 W
2026/03/29 13:35:58.601, 0, 0 %, 0 %, 2058 MiB, 49140 MiB, 59, 85.56 W
2026/03/29 13:35:58.601, 1, 0 %, 0 %, 6 MiB, 49140 MiB, 33, 16.42 W
2026/03/29 13:35:58.601, 2, 0 %, 0 %, 4 MiB, 49140 MiB, 32, 17.68 W
2026/03/29 13:35:58.601, 3, 0 %, 0 %, 6 MiB, 49140 MiB, 32, 20.57 W
2026/03/29 13:36:28.603, 0, 0 %, 0 %, 2058 MiB, 49140 MiB, 56, 83.77 W
2026/03/29 13:36:28.603, 1, 0 %, 0 %, 6 MiB, 49140 MiB, 34, 16.39 W
2026/03/29 13:36:28.603, 2, 0 %, 0 %, 4 MiB, 49140 MiB, 33, 17.60 W
2026/03/29 13:36:28.603, 3, 0 %, 0 %, 6 MiB, 49140 MiB, 32, 20.51 W
2026/03/29 13:36:58.604, 0, 0 %, 0 %, 2058 MiB, 49140 MiB, 54, 82.62 W
2026/03/29 13:36:58.604, 1, 0 %, 0 %, 6 MiB, 49140 MiB, 34, 16.59 W
2026/03/29 13:36:58.604, 2, 0 %, 0 %, 4 MiB, 49140 MiB, 33, 17.67 W
2026/03/29 13:36:58.604, 3, 0 %, 0 %, 6 MiB, 49140 MiB, 32, 20.67 W
2026/03/29 13:37:28.605, 0, 0 %, 0 %, 2058 MiB, 49140 MiB, 52, 81.40 W
2026/03/29 13:37:28.606, 1, 0 %, 0 %, 6 MiB, 49140 MiB, 34, 16.62 W
2026/03/29 13:37:28.606, 2, 0 %, 0 %, 4 MiB, 49140 MiB, 33, 17.38 W
2026/03/29 13:37:28.606, 3, 0 %, 0 %, 6 MiB, 49140 MiB, 32, 20.73 W
2026/03/29 13:37:58.607, 0, 0 %, 0 %, 2058 MiB, 49140 MiB, 51, 80.90 W
2026/03/29 13:37:58.608, 1, 0 %, 0 %, 6 MiB, 49140 MiB, 34, 16.41 W
2026/03/29 13:37:58.608, 2, 0 %, 0 %, 4 MiB, 49140 MiB, 33, 17.65 W
2026/03/29 13:37:58.608, 3, 0 %, 0 %, 6 MiB, 49140 MiB, 33, 20.68 W
2026/03/29 13:38:28.609, 0, 0 %, 0 %, 2058 MiB, 49140 MiB, 50, 78.93 W
2026/03/29 13:38:28.609, 1, 0 %, 0 %, 6 MiB, 49140 MiB, 34, 17.07 W
2026/03/29 13:38:28.609, 2, 0 %, 0 %, 4 MiB, 49140 MiB, 33, 17.51 W
2026/03/29 13:38:28.609, 3, 0 %, 0 %, 6 MiB, 49140 MiB, 33, 20.74 W
2026/03/29 13:38:58.610, 0, 0 %, 0 %, 2058 MiB, 49140 MiB, 49, 78.71 W
2026/03/29 13:38:58.611, 1, 0 %, 0 %, 6 MiB, 49140 MiB, 34, 17.10 W
2026/03/29 13:38:58.611, 2, 0 %, 0 %, 4 MiB, 49140 MiB, 34, 17.50 W
2026/03/29 13:38:58.611, 3, 0 %, 0 %, 6 MiB, 49140 MiB, 33, 20.74 W
2026/03/29 13:39:28.612, 0, 100 %, 2 %, 48456 MiB, 49140 MiB, 56, 145.86 W
2026/03/29 13:39:28.612, 1, 0 %, 0 %, 6 MiB, 49140 MiB, 34, 16.88 W
2026/03/29 13:39:28.612, 2, 0 %, 0 %, 4 MiB, 49140 MiB, 34, 17.22 W
2026/03/29 13:39:28.613, 3, 0 %, 0 %, 6 MiB, 49140 MiB, 33, 20.62 W
2026/03/29 13:39:58.613, 0, 100 %, 3 %, 48392 MiB, 49140 MiB, 60, 150.77 W
2026/03/29 13:39:58.614, 1, 0 %, 0 %, 6 MiB, 49140 MiB, 34, 16.72 W
2026/03/29 13:39:58.614, 2, 0 %, 0 %, 4 MiB, 49140 MiB, 34, 17.29 W
2026/03/29 13:39:58.614, 3, 0 %, 0 %, 6 MiB, 49140 MiB, 33, 20.72 W
2026/03/29 13:40:28.615, 0, 100 %, 4 %, 48392 MiB, 49140 MiB, 63, 151.16 W
2026/03/29 13:40:28.615, 1, 0 %, 0 %, 6 MiB, 49140 MiB, 34, 16.80 W
2026/03/29 13:40:28.615, 2, 0 %, 0 %, 4 MiB, 49140 MiB, 34, 17.12 W
2026/03/29 13:40:28.615, 3, 0 %, 0 %, 6 MiB, 49140 MiB, 33, 20.69 W
2026/03/29 13:40:58.616, 0, 100 %, 2 %, 48392 MiB, 49140 MiB, 64, 154.83 W
2026/03/29 13:40:58.617, 1, 0 %, 0 %, 6 MiB, 49140 MiB, 34, 17.21 W
2026/03/29 13:40:58.617, 2, 0 %, 0 %, 4 MiB, 49140 MiB, 34, 17.23 W
2026/03/29 13:40:58.617, 3, 0 %, 0 %, 6 MiB, 49140 MiB, 33, 20.67 W
2026/03/29 13:41:28.618, 0, 100 %, 2 %, 48392 MiB, 49140 MiB, 64, 151.15 W
2026/03/29 13:41:28.618, 1, 0 %, 0 %, 6 MiB, 49140 MiB, 34, 16.89 W
2026/03/29 13:41:28.618, 2, 0 %, 0 %, 4 MiB, 49140 MiB, 34, 17.08 W
2026/03/29 13:41:28.618, 3, 0 %, 0 %, 6 MiB, 49140 MiB, 33, 20.72 W
2026/03/29 13:41:58.619, 0, 100 %, 22 %, 48392 MiB, 49140 MiB, 66, 207.78 W
2026/03/29 13:41:58.619, 1, 0 %, 0 %, 6 MiB, 49140 MiB, 34, 16.38 W
2026/03/29 13:41:58.620, 2, 0 %, 0 %, 4 MiB, 49140 MiB, 33, 17.13 W
2026/03/29 13:41:58.620, 3, 0 %, 0 %, 6 MiB, 49140 MiB, 33, 20.50 W
2026/03/29 13:42:28.621, 0, 100 %, 57 %, 48392 MiB, 49140 MiB, 67, 251.63 W
2026/03/29 13:42:28.621, 1, 0 %, 0 %, 6 MiB, 49140 MiB, 34, 16.78 W
2026/03/29 13:42:28.621, 2, 0 %, 0 %, 4 MiB, 49140 MiB, 33, 17.07 W
2026/03/29 13:42:28.621, 3, 0 %, 0 %, 6 MiB, 49140 MiB, 33, 20.64 W
2026/03/29 13:42:58.622, 0, 100 %, 2 %, 48392 MiB, 49140 MiB, 64, 149.42 W
2026/03/29 13:42:58.622, 1, 0 %, 0 %, 6 MiB, 49140 MiB, 34, 17.09 W
2026/03/29 13:42:58.623, 2, 0 %, 0 %, 4 MiB, 49140 MiB, 33, 17.24 W
2026/03/29 13:42:58.623, 3, 0 %, 0 %, 6 MiB, 49140 MiB, 33, 20.60 W
2026/03/29 13:43:28.624, 0, 0 %, 0 %, 48392 MiB, 49140 MiB, 63, 211.35 W
2026/03/29 13:43:28.624, 1, 0 %, 0 %, 6 MiB, 49140 MiB, 34, 16.52 W
2026/03/29 13:43:28.624, 2, 0 %, 0 %, 4 MiB, 49140 MiB, 33, 17.55 W
2026/03/29 13:43:28.624, 3, 0 %, 0 %, 6 MiB, 49140 MiB, 33, 20.51 W
2026/03/29 13:43:58.625, 0, 100 %, 4 %, 48392 MiB, 49140 MiB, 65, 259.15 W
2026/03/29 13:43:58.625, 1, 0 %, 0 %, 6 MiB, 49140 MiB, 34, 16.75 W
2026/03/29 13:43:58.626, 2, 0 %, 0 %, 4 MiB, 49140 MiB, 33, 17.19 W
2026/03/29 13:43:58.626, 3, 0 %, 0 %, 6 MiB, 49140 MiB, 33, 20.48 W
2026/03/29 13:44:28.627, 0, 100 %, 2 %, 48392 MiB, 49140 MiB, 65, 151.26 W
2026/03/29 13:44:28.627, 1, 0 %, 0 %, 6 MiB, 49140 MiB, 34, 16.64 W
2026/03/29 13:44:28.627, 2, 0 %, 0 %, 4 MiB, 49140 MiB, 33, 17.37 W
2026/03/29 13:44:28.627, 3, 0 %, 0 %, 6 MiB, 49140 MiB, 32, 20.74 W
2026/03/29 13:44:58.628, 0, 0 %, 0 %, 1262 MiB, 49140 MiB, 61, 86.38 W
2026/03/29 13:44:58.629, 1, 0 %, 0 %, 6 MiB, 49140 MiB, 34, 16.88 W
2026/03/29 13:44:58.630, 2, 0 %, 0 %, 4 MiB, 49140 MiB, 33, 17.27 W
2026/03/29 13:44:58.631, 3, 0 %, 0 %, 6 MiB, 49140 MiB, 33, 20.68 W
2026/03/29 13:45:28.632, 0, 0 %, 0 %, 2323 MiB, 49140 MiB, 57, 84.29 W
2026/03/29 13:45:28.632, 1, 0 %, 0 %, 6 MiB, 49140 MiB, 34, 16.84 W
2026/03/29 13:45:28.633, 2, 0 %, 0 %, 4 MiB, 49140 MiB, 33, 17.62 W
2026/03/29 13:45:28.633, 3, 0 %, 0 %, 6 MiB, 49140 MiB, 33, 20.55 W
2026/03/29 13:45:58.634, 0, 0 %, 0 %, 2323 MiB, 49140 MiB, 54, 83.12 W
2026/03/29 13:45:58.634, 1, 0 %, 0 %, 6 MiB, 49140 MiB, 34, 17.10 W
2026/03/29 13:45:58.635, 2, 0 %, 0 %, 4 MiB, 49140 MiB, 33, 17.29 W
2026/03/29 13:45:58.635, 3, 0 %, 0 %, 6 MiB, 49140 MiB, 33, 20.65 W
2026/03/29 13:46:28.636, 0, 0 %, 0 %, 2323 MiB, 49140 MiB, 53, 82.06 W
2026/03/29 13:46:28.636, 1, 0 %, 0 %, 6 MiB, 49140 MiB, 34, 17.46 W
2026/03/29 13:46:28.637, 2, 0 %, 0 %, 4 MiB, 49140 MiB, 33, 16.92 W
2026/03/29 13:46:28.637, 3, 0 %, 0 %, 6 MiB, 49140 MiB, 33, 20.64 W
2026/03/29 13:46:58.638, 0, 0 %, 0 %, 2323 MiB, 49140 MiB, 51, 81.32 W
2026/03/29 13:46:58.638, 1, 0 %, 0 %, 6 MiB, 49140 MiB, 34, 17.78 W
2026/03/29 13:46:58.638, 2, 0 %, 0 %, 4 MiB, 49140 MiB, 34, 16.74 W
2026/03/29 13:46:58.639, 3, 0 %, 0 %, 6 MiB, 49140 MiB, 33, 20.68 W
2026/03/29 13:47:28.640, 0, 0 %, 0 %, 2323 MiB, 49140 MiB, 50, 80.20 W
2026/03/29 13:47:28.640, 1, 0 %, 0 %, 6 MiB, 49140 MiB, 34, 17.12 W
2026/03/29 13:47:28.641, 2, 0 %, 0 %, 4 MiB, 49140 MiB, 34, 17.02 W
2026/03/29 13:47:28.641, 3, 0 %, 0 %, 6 MiB, 49140 MiB, 33, 20.65 W
2026/03/29 13:47:58.642, 0, 0 %, 0 %, 2323 MiB, 49140 MiB, 49, 79.77 W
2026/03/29 13:47:58.642, 1, 0 %, 0 %, 6 MiB, 49140 MiB, 34, 17.17 W
2026/03/29 13:47:58.643, 2, 0 %, 0 %, 4 MiB, 49140 MiB, 34, 17.25 W
2026/03/29 13:47:58.643, 3, 0 %, 0 %, 6 MiB, 49140 MiB, 33, 20.60 W
2026/03/29 13:48:28.644, 0, 0 %, 0 %, 2323 MiB, 49140 MiB, 49, 79.38 W
2026/03/29 13:48:28.644, 1, 0 %, 0 %, 6 MiB, 49140 MiB, 35, 17.27 W
2026/03/29 13:48:28.645, 2, 0 %, 0 %, 4 MiB, 49140 MiB, 34, 17.46 W
2026/03/29 13:48:28.645, 3, 0 %, 0 %, 6 MiB, 49140 MiB, 33, 20.79 W
2026/03/29 13:48:58.646, 0, 0 %, 0 %, 2323 MiB, 49140 MiB, 48, 78.85 W
2026/03/29 13:48:58.646, 1, 0 %, 0 %, 6 MiB, 49140 MiB, 35, 17.23 W
2026/03/29 13:48:58.646, 2, 0 %, 0 %, 4 MiB, 49140 MiB, 34, 17.47 W
2026/03/29 13:48:58.646, 3, 0 %, 0 %, 6 MiB, 49140 MiB, 33, 20.67 W
2026/03/29 13:49:28.647, 0, 100 %, 2 %, 38831 MiB, 49140 MiB, 53, 149.82 W
2026/03/29 13:49:28.648, 1, 0 %, 0 %, 6 MiB, 49140 MiB, 35, 17.66 W
2026/03/29 13:49:28.648, 2, 0 %, 0 %, 4 MiB, 49140 MiB, 34, 17.33 W
2026/03/29 13:49:28.648, 3, 0 %, 0 %, 6 MiB, 49140 MiB, 33, 20.51 W
2026/03/29 13:49:58.649, 0, 100 %, 47 %, 48527 MiB, 49140 MiB, 62, 232.32 W
2026/03/29 13:49:58.649, 1, 0 %, 0 %, 6 MiB, 49140 MiB, 35, 17.83 W
2026/03/29 13:49:58.649, 2, 0 %, 0 %, 4 MiB, 49140 MiB, 34, 17.70 W
2026/03/29 13:49:58.650, 3, 0 %, 0 %, 6 MiB, 49140 MiB, 33, 20.56 W
2026/03/29 13:50:28.650, 0, 100 %, 3 %, 48527 MiB, 49140 MiB, 61, 147.86 W
2026/03/29 13:50:28.651, 1, 0 %, 0 %, 6 MiB, 49140 MiB, 35, 17.15 W
2026/03/29 13:50:28.651, 2, 0 %, 0 %, 4 MiB, 49140 MiB, 34, 17.11 W
2026/03/29 13:50:28.651, 3, 0 %, 0 %, 6 MiB, 49140 MiB, 33, 20.58 W
2026/03/29 13:50:58.652, 0, 100 %, 3 %, 48527 MiB, 49140 MiB, 63, 227.85 W
2026/03/29 13:50:58.652, 1, 0 %, 0 %, 6 MiB, 49140 MiB, 34, 17.13 W
2026/03/29 13:50:58.653, 2, 0 %, 0 %, 4 MiB, 49140 MiB, 34, 16.99 W
2026/03/29 13:50:58.653, 3, 0 %, 0 %, 6 MiB, 49140 MiB, 33, 20.54 W
2026/03/29 13:51:28.653, 0, 100 %, 3 %, 48527 MiB, 49140 MiB, 64, 208.41 W
2026/03/29 13:51:28.653, 1, 0 %, 0 %, 6 MiB, 49140 MiB, 34, 16.89 W
2026/03/29 13:51:28.653, 2, 0 %, 0 %, 4 MiB, 49140 MiB, 34, 16.98 W
2026/03/29 13:51:28.653, 3, 0 %, 0 %, 6 MiB, 49140 MiB, 33, 20.61 W
2026/03/29 13:51:58.655, 0, 100 %, 2 %, 48527 MiB, 49140 MiB, 64, 150.10 W
2026/03/29 13:51:58.655, 1, 0 %, 0 %, 6 MiB, 49140 MiB, 34, 16.87 W
2026/03/29 13:51:58.655, 2, 0 %, 0 %, 4 MiB, 49140 MiB, 34, 17.32 W
2026/03/29 13:51:58.655, 3, 0 %, 0 %, 6 MiB, 49140 MiB, 33, 20.77 W
2026/03/29 13:52:28.655, 0, 100 %, 2 %, 48527 MiB, 49140 MiB, 64, 174.73 W
2026/03/29 13:52:28.656, 1, 0 %, 0 %, 6 MiB, 49140 MiB, 34, 16.85 W
2026/03/29 13:52:28.656, 2, 0 %, 0 %, 4 MiB, 49140 MiB, 34, 17.20 W
2026/03/29 13:52:28.656, 3, 0 %, 0 %, 6 MiB, 49140 MiB, 33, 20.55 W
2026/03/29 13:52:58.656, 0, 100 %, 3 %, 48527 MiB, 49140 MiB, 65, 156.64 W
2026/03/29 13:52:58.657, 1, 0 %, 0 %, 6 MiB, 49140 MiB, 34, 17.09 W
2026/03/29 13:52:58.657, 2, 0 %, 0 %, 4 MiB, 49140 MiB, 33, 17.47 W
2026/03/29 13:52:58.657, 3, 0 %, 0 %, 6 MiB, 49140 MiB, 33, 20.69 W
2026/03/29 13:53:28.658, 0, 100 %, 2 %, 48527 MiB, 49140 MiB, 64, 151.65 W
2026/03/29 13:53:28.658, 1, 0 %, 0 %, 6 MiB, 49140 MiB, 34, 17.12 W
2026/03/29 13:53:28.659, 2, 0 %, 0 %, 4 MiB, 49140 MiB, 33, 17.51 W
2026/03/29 13:53:28.659, 3, 0 %, 0 %, 6 MiB, 49140 MiB, 33, 20.48 W
2026/03/29 13:53:58.660, 0, 100 %, 6 %, 48527 MiB, 49140 MiB, 67, 155.01 W
2026/03/29 13:53:58.660, 1, 0 %, 0 %, 6 MiB, 49140 MiB, 34, 17.28 W
2026/03/29 13:53:58.660, 2, 0 %, 0 %, 4 MiB, 49140 MiB, 33, 17.44 W
2026/03/29 13:53:58.660, 3, 0 %, 0 %, 6 MiB, 49140 MiB, 33, 20.81 W
2026/03/29 13:54:28.662, 0, 100 %, 2 %, 48527 MiB, 49140 MiB, 65, 152.20 W
2026/03/29 13:54:28.662, 1, 0 %, 0 %, 6 MiB, 49140 MiB, 34, 16.93 W
2026/03/29 13:54:28.662, 2, 0 %, 0 %, 4 MiB, 49140 MiB, 33, 17.33 W
2026/03/29 13:54:28.662, 3, 0 %, 0 %, 6 MiB, 49140 MiB, 33, 20.58 W
2026/03/29 13:54:58.663, 0, 100 %, 75 %, 48527 MiB, 49140 MiB, 64, 204.37 W
2026/03/29 13:54:58.664, 1, 0 %, 0 %, 6 MiB, 49140 MiB, 34, 16.90 W
2026/03/29 13:54:58.664, 2, 0 %, 0 %, 4 MiB, 49140 MiB, 33, 17.59 W
2026/03/29 13:54:58.664, 3, 0 %, 0 %, 6 MiB, 49140 MiB, 33, 20.42 W
2026/03/29 13:55:28.665, 0, 0 %, 0 %, 1262 MiB, 49140 MiB, 58, 84.94 W
2026/03/29 13:55:28.665, 1, 0 %, 0 %, 6 MiB, 49140 MiB, 34, 16.97 W
2026/03/29 13:55:28.666, 2, 0 %, 0 %, 4 MiB, 49140 MiB, 33, 17.63 W
2026/03/29 13:55:28.666, 3, 0 %, 0 %, 6 MiB, 49140 MiB, 33, 20.27 W
2026/03/29 13:55:58.667, 0, 0 %, 0 %, 1262 MiB, 49140 MiB, 55, 83.42 W
2026/03/29 13:55:58.667, 1, 0 %, 0 %, 6 MiB, 49140 MiB, 34, 16.98 W
2026/03/29 13:55:58.668, 2, 0 %, 0 %, 4 MiB, 49140 MiB, 33, 17.94 W
2026/03/29 13:55:58.668, 3, 0 %, 0 %, 6 MiB, 49140 MiB, 33, 20.36 W
2026/03/29 13:56:28.669, 0, 0 %, 0 %, 1262 MiB, 49140 MiB, 54, 82.72 W
2026/03/29 13:56:28.669, 1, 0 %, 0 %, 6 MiB, 49140 MiB, 34, 16.87 W
2026/03/29 13:56:28.670, 2, 0 %, 0 %, 4 MiB, 49140 MiB, 33, 17.52 W
2026/03/29 13:56:28.670, 3, 0 %, 0 %, 6 MiB, 49140 MiB, 33, 20.23 W
2026/03/29 13:56:58.671, 0, 0 %, 0 %, 1262 MiB, 49140 MiB, 53, 81.79 W
2026/03/29 13:56:58.672, 1, 0 %, 0 %, 6 MiB, 49140 MiB, 34, 16.69 W
2026/03/29 13:56:58.672, 2, 0 %, 0 %, 4 MiB, 49140 MiB, 33, 17.24 W
2026/03/29 13:56:58.672, 3, 0 %, 0 %, 6 MiB, 49140 MiB, 33, 20.33 W
2026/03/29 13:57:28.673, 0, 0 %, 0 %, 1262 MiB, 49140 MiB, 52, 80.93 W
2026/03/29 13:57:28.673, 1, 0 %, 0 %, 6 MiB, 49140 MiB, 34, 16.40 W
2026/03/29 13:57:28.674, 2, 0 %, 0 %, 4 MiB, 49140 MiB, 33, 17.67 W
2026/03/29 13:57:28.674, 3, 0 %, 0 %, 6 MiB, 49140 MiB, 33, 20.47 W
2026/03/29 13:57:58.675, 0, 0 %, 0 %, 1262 MiB, 49140 MiB, 51, 80.36 W
2026/03/29 13:57:58.675, 1, 0 %, 0 %, 6 MiB, 49140 MiB, 34, 17.33 W
2026/03/29 13:57:58.675, 2, 0 %, 0 %, 4 MiB, 49140 MiB, 34, 17.85 W
2026/03/29 13:57:58.676, 3, 0 %, 0 %, 6 MiB, 49140 MiB, 33, 20.49 W
2026/03/29 13:58:28.677, 0, 0 %, 0 %, 1262 MiB, 49140 MiB, 50, 79.89 W
2026/03/29 13:58:28.677, 1, 0 %, 0 %, 6 MiB, 49140 MiB, 34, 16.85 W
2026/03/29 13:58:28.678, 2, 0 %, 0 %, 4 MiB, 49140 MiB, 34, 17.77 W
2026/03/29 13:58:28.678, 3, 0 %, 0 %, 6 MiB, 49140 MiB, 33, 20.34 W
2026/03/29 13:58:58.679, 0, 0 %, 0 %, 1262 MiB, 49140 MiB, 49, 79.63 W
2026/03/29 13:58:58.679, 1, 0 %, 0 %, 6 MiB, 49140 MiB, 34, 16.80 W
2026/03/29 13:58:58.679, 2, 0 %, 0 %, 4 MiB, 49140 MiB, 34, 17.95 W
2026/03/29 13:58:58.679, 3, 0 %, 0 %, 6 MiB, 49140 MiB, 33, 20.51 W
2026/03/29 13:59:28.681, 0, 0 %, 0 %, 1262 MiB, 49140 MiB, 49, 79.37 W
2026/03/29 13:59:28.681, 1, 0 %, 0 %, 6 MiB, 49140 MiB, 34, 16.87 W
2026/03/29 13:59:28.681, 2, 0 %, 0 %, 4 MiB, 49140 MiB, 34, 17.88 W
2026/03/29 13:59:28.681, 3, 0 %, 0 %, 6 MiB, 49140 MiB, 33, 20.25 W
2026/03/29 13:59:58.683, 0, 0 %, 0 %, 1262 MiB, 49140 MiB, 48, 79.20 W
2026/03/29 13:59:58.683, 1, 0 %, 0 %, 6 MiB, 49140 MiB, 34, 16.81 W
2026/03/29 13:59:58.683, 2, 0 %, 0 %, 4 MiB, 49140 MiB, 34, 17.95 W
2026/03/29 13:59:58.683, 3, 0 %, 0 %, 6 MiB, 49140 MiB, 33, 20.51 W
2026/03/29 14:00:28.685, 0, 0 %, 0 %, 1262 MiB, 49140 MiB, 48, 78.73 W
2026/03/29 14:00:28.685, 1, 0 %, 0 %, 6 MiB, 49140 MiB, 34, 17.46 W
2026/03/29 14:00:28.685, 2, 0 %, 0 %, 4 MiB, 49140 MiB, 34, 17.68 W
2026/03/29 14:00:28.685, 3, 0 %, 0 %, 6 MiB, 49140 MiB, 33, 20.33 W
2026/03/29 14:00:58.687, 0, 0 %, 0 %, 1262 MiB, 49140 MiB, 48, 78.87 W
2026/03/29 14:00:58.687, 1, 0 %, 0 %, 6 MiB, 49140 MiB, 34, 17.32 W
2026/03/29 14:00:58.687, 2, 0 %, 0 %, 4 MiB, 49140 MiB, 34, 18.06 W
2026/03/29 14:00:58.687, 3, 0 %, 0 %, 6 MiB, 49140 MiB, 33, 20.33 W
2026/03/29 14:01:28.689, 0, 0 %, 0 %, 1262 MiB, 49140 MiB, 48, 78.78 W
2026/03/29 14:01:28.689, 1, 0 %, 0 %, 6 MiB, 49140 MiB, 34, 17.02 W
2026/03/29 14:01:28.689, 2, 0 %, 0 %, 4 MiB, 49140 MiB, 34, 17.97 W
2026/03/29 14:01:28.689, 3, 0 %, 0 %, 6 MiB, 49140 MiB, 33, 20.57 W
2026/03/29 14:01:58.691, 0, 0 %, 0 %, 1262 MiB, 49140 MiB, 47, 78.53 W
2026/03/29 14:01:58.691, 1, 0 %, 0 %, 6 MiB, 49140 MiB, 34, 16.74 W
2026/03/29 14:01:58.691, 2, 0 %, 0 %, 4 MiB, 49140 MiB, 34, 17.66 W
2026/03/29 14:01:58.691, 3, 0 %, 0 %, 6 MiB, 49140 MiB, 33, 20.59 W
2026/03/29 14:02:28.692, 0, 0 %, 0 %, 1262 MiB, 49140 MiB, 47, 78.58 W
2026/03/29 14:02:28.693, 1, 0 %, 0 %, 6 MiB, 49140 MiB, 34, 16.81 W
2026/03/29 14:02:28.693, 2, 0 %, 0 %, 4 MiB, 49140 MiB, 34, 17.71 W
2026/03/29 14:02:28.693, 3, 0 %, 0 %, 6 MiB, 49140 MiB, 33, 20.51 W
2026/03/29 14:02:58.694, 0, 0 %, 0 %, 1262 MiB, 49140 MiB, 47, 78.18 W
2026/03/29 14:02:58.694, 1, 0 %, 0 %, 6 MiB, 49140 MiB, 34, 17.46 W
2026/03/29 14:02:58.694, 2, 0 %, 0 %, 4 MiB, 49140 MiB, 33, 18.13 W
2026/03/29 14:02:58.695, 3, 0 %, 0 %, 6 MiB, 49140 MiB, 33, 20.39 W
2026/03/29 14:03:28.696, 0, 0 %, 0 %, 1262 MiB, 49140 MiB, 47, 78.39 W
2026/03/29 14:03:28.696, 1, 0 %, 0 %, 6 MiB, 49140 MiB, 34, 17.26 W
2026/03/29 14:03:28.696, 2, 0 %, 0 %, 4 MiB, 49140 MiB, 33, 18.05 W
2026/03/29 14:03:28.696, 3, 0 %, 0 %, 6 MiB, 49140 MiB, 33, 20.61 W
2026/03/29 14:03:58.697, 0, 0 %, 0 %, 1262 MiB, 49140 MiB, 47, 78.13 W
2026/03/29 14:03:58.698, 1, 0 %, 0 %, 6 MiB, 49140 MiB, 34, 17.49 W
2026/03/29 14:03:58.698, 2, 0 %, 0 %, 4 MiB, 49140 MiB, 33, 17.72 W
2026/03/29 14:03:58.698, 3, 0 %, 0 %, 6 MiB, 49140 MiB, 33, 20.41 W
2026/03/29 14:04:28.699, 0, 0 %, 0 %, 1262 MiB, 49140 MiB, 47, 78.15 W
2026/03/29 14:04:28.699, 1, 0 %, 0 %, 6 MiB, 49140 MiB, 34, 17.54 W
2026/03/29 14:04:28.699, 2, 0 %, 0 %, 4 MiB, 49140 MiB, 33, 18.08 W
2026/03/29 14:04:28.700, 3, 0 %, 0 %, 6 MiB, 49140 MiB, 33, 20.61 W
